date,open,high,low,close
1365458400,187.9,190.95,185.6,186
1365462000,185.60001,187.5,184.582,187.5
1365465600,186.5,190.49999,186.5,189
1365469200,188.60001,190.88,188.50001,190.50001
1365472800,190.50001,192.9,190,191.00999
1365476400,191.00999,192.905,191,191.90001
1365480000,192.85,193,187,192.6
1365483600,192.6,194,190.2,191.55001
1365487200,191.55,192.41935,190.5,191.64718
1365490800,191.64718,194,189.60123,190
1365494400,190,194.2,189.60123,194.1998
1365498000,194.1998,194.5,193.00001,194.4
1365501600,194.39999,202.48,193.84,202.00001
1365505200,202.00002,207,199.7,204.13
1365508800,204.5,210,202.29343,209.75
1365512400,209,211,205,211
1365516000,209.7,219.98,209.7,219.12
1365519600,218.38505,224.67,213,221.01
1365523200,222,227.86018,221.03,224.99
1365526800,224.99,239.111,220,236.8
1365530400,235.871,240.111,230,230
1365534000,232,237.98,230,233
1365537600,232.32323,236.6,232,235.11007
1365541200,235.11007,238,234.11,235.4157
1365544800,235.4157,237.49,232,232.001
1365548400,232.001,234.89,228,230
1365552000,230.04359,235,227.0123,234.3
1365555600,235,235.49,231,233.59179
1365559200,233.59179,235.89,231.777,235
1365562800,235.878,235.878,231.6,234.89
1365566400,234.89,234.89,230,231.5001
1365570000,231.50001,234.9,231.5,232
1365573600,234.00011,234.887,230.5,234.24999
1365577200,234.00001,239,233.00001,235.00001
1365580800,235.00001,238.678,232,235.99999
1365584400,235.99999,249.87999,235.99999,249.8799
1365588000,249.8799,250,244.4,249.99
1365591600,249.9,255.5334,244,255.01
1365595200,255.01,266,255,263.47999
1365598800,262.3,263.798,244,246
1365602400,245.50001,258.5,241,252.1
1365606000,252.1,255,236,236
1365609600,236,239.985,217.111,221
1365613200,220,221,184.46829,184.46829
1365616800,184.46829,200,126,126
1365620400,150,185,105,139.45
1365624000,135,189.89,120,184.94
1365627600,189.89,203,150,150
1365631200,151,178.75,125,150
1365634800,150,174,142.11111,165
1365638400,166.48159,188.7,163,179.73621
1365642000,178.9,180,165.00001,168
1365645600,169.06364,170,149,165.625
1365649200,159.96652,172.1,156.7,168
1365652800,167.70001,178.98765,167.70001,169.5
1365656400,169.5,179.7,166.79001,174
1365660000,173.20001,188.7,173,181
1365663600,178.99999,183.7,172.3,177.9
1365667200,177.9,181.22,163.4,163.4
1365670800,164.2,164.6,143,146.765
1365674400,145,156,140.43513,152.99847
1365678000,149.9,168,140.43513,163
1365681600,163.009,163.8,144.2,146
1365685200,146.25,146.5,110.20003,110.20003
1365688800,111,123.40098,110.20003,120
1365692400,NaN,-Infinity,Infinity,NaN
1365696000,123.40098,123.40098,123.40098,123.40098
1365699600,123.40098,123.40098,123.40098,123.40098
1365703200,NaN,-Infinity,Infinity,NaN
1365706800,123.40098,124.9,123.40098,124.9
1365710400,NaN,-Infinity,Infinity,NaN
1365714000,NaN,-Infinity,Infinity,NaN
1365717600,NaN,-Infinity,Infinity,NaN
1365721200,NaN,-Infinity,Infinity,NaN
1365724800,NaN,-Infinity,Infinity,NaN
1365728400,124.9,130.01,118.8,130.01
1365732000,118.8,140,65,124.92784
1365735600,124,131,92.1,110.99999
1365739200,110.99999,110.99999,110.99998,110.99999
1365742800,110.99999,111,86,93.4
1365746400,93.4,109.999,91,97.69
1365750000,97.15,99.99,82,93.03691
1365753600,93.0369,95.01,87.12951,89.93999
1365757200,89.95,92.7841,86.0123,86.5
1365760800,86.5,90.11,76.11,77
1365764400,76.99,86.13,67.60048,67.60048
1365768000,67.60048,79.9999,54.25,77
1365771600,76,78,66,77
1365775200,77,83.4,71,73.21042
1365778800,73.48099,75.9,68.33,70.28
1365782400,70.27999,76,67.34453,72.95
1365786000,72.9,76.888,72.0016,75.2
1365789600,75.2,79.99,75.1,79
1365793200,79,89.99,77,89.99
1365796800,89.99,96,85,88
1365800400,89.1,106,87,102.30618
1365804000,102.5,113.9,96.21,111.3
1365807600,111.3,117,102.3,117
1365811200,117,130,114.432,122.19
1365814800,122.19,125,102.72393,111
1365818400,111,114.70005,98.01,102.82001
1365822000,102.82001,104.07,98.01,100.95
1365825600,100.95,116.91,98.01,107.99
1365829200,107.84589,113.74346,104.11,108.96
1365832800,108.50021,112,108.5,109.25
1365836400,109.25,124.11298,109.24195,118.83945
1365840000,118.52,122,111.5,114.99
1365843600,113.6,117.9,110.11,114
1365847200,114,117,113,116
1365850800,115.99991,117.5,115.9999,117.05
1365854400,117.04999,117.88999,115.2,116.35
1365858000,116.45,116.89,114,114.135
1365861600,114.07419,116.3333,111.3,114.5
1365865200,114.499,115.8,113.59883,114.902
1365868800,114.902,115.5,113.105,114.4
1365872400,114.40001,114.589,110,111
1365876000,110,111.97,105.81088,108
1365879600,107,108,95.89999,101
1365883200,101,101.67508,86.52,99.99999
1365886800,99.99999,100.5,85.5,100.5
1365890400,100.65728,107,97.07412,99.49753
1365894000,99.49753,102.98,92.031,93
1365897600,93,96.98,90.15,93.5
1365901200,93.59157,100.99,93.49849,98.1
1365904800,98.62,102.2,95,98.69
1365908400,99,102.5,97.25,102.5
1365912000,102.40002,106.51942,101.001,105.71999
1365915600,104.68001,107.89999,102,103.99998
1365919200,103.97999,105.5,100.02,104.337
1365922800,104.88899,109.998,100.8303,105.34
1365926400,105.33999,106.44946,99.32254,100
1365930000,100,103,98.47215,99.65
1365933600,99.65,102.88492,98.102,100.70001
1365937200,101.33741,105.4,100.425,104
1365940800,104,104.45,99.86,101.7
1365944400,101.99999,102,98.95,99.5
1365948000,99.5,100.57,98.995,100.5
1365951600,100.5,100.94,99,99.2
1365955200,99.07001,100.94,99.01,100.22205
1365958800,100.55596,100.89,99.9,100
1365962400,99.9,100.86999,99.1337,99.8
1365966000,99.77,100.24,94.5,96.47889
1365969600,96.47889,99,92,96.2
1365973200,96.2,97.9,95,95
1365976800,95.05,96.72054,89.40475,91.00001
1365980400,91.00001,92,84.43689,89.99999
1365984000,90,97.58376,87,90.01011
1365987600,90.01012,96.1337,90.00001,94.99999
1365991200,95,97,91.3,95.97999
1365994800,95.97999,96,93.87559,94
1365998400,94,95.19,93,94.39
1366002000,94.39,97.99,94.3,97.3
1366005600,97.29799,102,97.001,100.5
1366009200,100.394,101.9,96.51,100.20001
1366012800,100.29999,100.33,97.8,99.48
1366016400,99.46262,99.67005,98.44,99.669
1366020000,99.6699,100.9,95.74991,96.48
1366023600,96.48,99.9,96.00001,97.75402
1366027200,98.18,98.18456,94.3,95.75102
1366030800,96.59989,98.227,95.8,97.564
1366034400,97.25135,97.99998,95.251,96.9888
1366038000,96.9888,97.69,94.51001,96.20998
1366041600,96.20997,96.20997,92.912,93.9
1366045200,93.97999,95.9,88.01,89.3
1366048800,89.50894,93.00999,88.9,92.50008
1366052400,92.50008,93.0098,89,89.889
1366056000,89.889,89.889,83,83
1366059600,83,88,75,75
1366063200,75.10999,82.99999,71.51,77.32
1366066800,77.68959,83.95,77.51,82.38601
1366070400,82.5,84.5,77.5111,78.99
1366074000,78.99,79.5,72.05,78.79
1366077600,78.02142,78.41152,66.00001,71.5
1366081200,72,73,61.11,61.2
1366084800,61.2,74,55.1,65.41928
1366088400,65.42029,69.9,60.03,67.9999
1366092000,68.2,69.49,54.975,54.975
1366095600,54.975,63,50.01,55.48999
1366099200,59,61.9,52.66,56.55551
1366102800,56.98409,60.05236,53.61111,58.2
1366106400,58.25289,66.75,55,63
1366110000,62.98345,64.48,56.15264,57.5
1366113600,57.5,61.8,56.20735,59.95999
1366117200,59.9599,63.49,58.3,63.48999
1366120800,63.01769,65.99,60.122,65.9
1366124400,65.90001,78.99,64.25745,71.76025
1366128000,71.01,82.39,71.01,78
1366131600,78,79.8,68.1,70.5
1366135200,70.56306,73.89999,69.1,70.5
1366138800,70.72999,71.74,64.08999,66.21761
1366142400,66.7,73,64.25608,69.8
1366146000,68.2,69.88,66,68.23
1366149600,68.23,71.4,67.5,70
1366153200,69.7,70,66.5,68.35568
1366156800,68.49,68.8,63.7706,63.99999
1366160400,63.99999,72.98,63.3,70.19
1366164000,70.19,76,70.1,73.6
1366167600,73.5,77,72.92,73.50001
1366171200,73.60001,74.9,72.35,73.59999
1366174800,73.41001,74.68774,72.7,73.89
1366178400,73.8,76.98,73.50001,75.46999
1366182000,75.46,77.62,75.02,77.48
1366185600,77.49998,82.45,75,80.29997
1366189200,80.25,88,76.33356,82.5
1366192800,82.99999,86,82,83.98999
1366196400,83.76878,87,82.6,85.43641
1366200000,85.43691,87.99999,80.74999,86.98999
1366203600,86.98999,93.44,85.3,93.199
1366207200,93,98.77799,86.02,90.99999
1366210800,91.45999,95.7,87.5,90.11
1366214400,90.16191,94.98368,87.01021,88.994
1366218000,89,90.25,83,84
1366221600,83.98346,93.66999,83.38,89.69989
1366225200,89.5,90.36,86.75,87.99
1366228800,87.04701,92.68888,87.04701,91.888
1366232400,91.99999,93.31955,89.51,91.90001
1366236000,91.90001,93.8,90.9909,92.25
1366239600,92.3,94.02,91.23,93.07
1366243200,93.07,94.87,93,94.83585
1366246800,94.83585,94.95,86,89.001
1366250400,89.99,93.31304,88.851,93.00002
1366254000,93.15,93.5,92,93.48
1366257600,93.32875,93.5,90.51,91.75101
1366261200,92.49999,92.5,90.11,91.74
1366264800,91.63,93,90.312,91.9
1366268400,92.73765,93.3,91.5,93.159
1366272000,93,93.691,92.4,92.65
1366275600,92.6,92.99,91.82936,92.59598
1366279200,91.86457,92.59598,91,91.1
1366282800,91,93,90.5037,92.7
1366286400,92.7,93.26,92,92.01
1366290000,92.09999,92.99,91.27751,92.79
1366293600,92.71001,94.5,91.5,94.02752
1366297200,94.02749,95,93.9,94.4
1366300800,94.25001,97.59,94.25,97
1366304400,97.25,97.29,95.5,96.5
1366308000,96.50001,96.8897,95,95.41
1366311600,95.99999,96.6,95.05,96.5
1366315200,96.49,96.5,95.31,96.0175
1366318800,96.0175,103.5417,95.94357,100
1366322400,99.20746,103.89,97.1,102.79824
1366326000,102.79825,112.99999,102.1,109.01
1366329600,109.15263,110.48637,105.54,109.8
1366333200,109.79999,113.99,109,113.7
1366336800,113.50001,119.99,110,118.49998
1366340400,118.49998,118.899,112.5,114.89317
1366344000,114.51,118.73991,114.51,116.1
1366347600,116.58069,124.25,116.1,119.26
1366351200,119.26,128,117.5,124
1366354800,123.985,129.854,122.51,129.8
1366358400,129.85001,136.4321,126.0201,129.6395
1366362000,129.61,129.61,110.2501,122
1366365600,122.59999,124.49999,118,119.55
1366369200,119.49,120.98,115,117.11099
1366372800,117.11099,118.3,110.45,117.04
1366376400,116.3,119,115.22222,117.2
1366380000,117.10001,118,113.818,114.9
1366383600,114.9,115.35,111.66497,115
1366387200,114.977,123.23,114.10001,122.00099
1366390800,122.00099,123.23,117.50001,119.63
1366394400,119.63,120.15498,117.133,118
1366398000,118.45,119.95,117.2,118.2
1366401600,118.2,121.6,118.00001,120.7
1366405200,120.70001,123.88,119.6,121.65
1366408800,121.6,121.6,117.9,119.77773
1366412400,119.77773,120,118,118.48
1366416000,118.48001,119,116,116.91
1366419600,116.97999,119,115,116
1366423200,116.00002,118.9599,116,117.49999
1366426800,117.79999,117.79999,116,117
1366430400,117,117,115.2,116.46
1366434000,116.00001,118.99998,115.52,118.00016
1366437600,118.00016,120.2,117.5,118.00002
1366441200,118.00002,120.3,117.5001,120.2
1366444800,120.201,120.79,118.52,120
1366448400,119.88001,120.699,119.01,119.49999
1366452000,119.49998,120,119.12101,119.94999
1366455600,119.94499,120.69,119.25,120.39
1366459200,120,120.5,119.261,119.78886
1366462800,119.4,122.38,119.26,122.10001
1366466400,122.10001,122.35,120.42,121.79
1366470000,121.7,122.45,120.43306,121.00001
1366473600,121,124.332,120.501,123.86753
1366477200,123.86753,124.1,121,123.7
1366480800,123.74,124.29917,122.61,124.08
1366484400,124.08,127.8,123.30001,126.4
1366488000,126.08513,128,124.41,125.89999
1366491600,125.30002,132,124.75,129.102
1366495200,129.28359,131.2,128,129.15
1366498800,129.15,130.89541,125.9,126.61552
1366502400,126.61553,130.49979,126.59,127.88
1366506000,128.85372,128.85372,125,126.79999
1366509600,126.48998,129.7,125.6,127.502
1366513200,127.79998,129,127,128
1366516800,128,128.9,123.321,123.321
1366520400,123.31,126.75,121.11111,124.3
1366524000,124.3,126.945,122.2502,125
1366527600,125,125.48,120.5,122
1366531200,122,122.9,117.86,119.5
1366534800,120,123,119.11,121.60001
1366538400,121.60001,122.99999,120.42101,122.10922
1366542000,122.10922,122.921,120.462,122.9
1366545600,122.918,128.2156,122.8,127
1366549200,127,128.058,124.11,126.00001
1366552800,126.49999,126.79963,124.04001,125
1366556400,NaN,-Infinity,Infinity,NaN
1366560000,NaN,-Infinity,Infinity,NaN
1366563600,NaN,-Infinity,Infinity,NaN
1366567200,124.9,124.9,124.04001,124.04001
1366570800,124.76511,124.9,110,122.5
1366574400,122.22,126,121.56,124.91122
1366578000,124.9811,124.99999,120.05,121.985
1366581600,121.79,123.8,120,121.49
1366585200,121.49,121.99,115.2,119.2
1366588800,118.5,123.8,118.5,121.28
1366592400,121.97,122.5,119.2121,121.61999
1366596000,121.61999,123.6734,120.101,122
1366599600,122,122.79746,120.64,121.199
1366603200,121.199,122.25,120.64,120.641
1366606800,120.99999,123.569,120.5,121.7013
1366610400,121.70131,122.94,121.68341,122.47
1366614000,122.312,124.8888,122.30001,124.2536
1366617600,124.1306,124.35,121.62,123
1366621200,122.26768,123.44001,121.81229,123.44
1366624800,123.43999,123.51,122.5,122.5
1366628400,122.5,123.49999,121.51003,121.51003
1366632000,121.51003,121.53224,120,121.04001
1366635600,121.53224,122.1,120.1001,120.21121
1366639200,120.21121,123.4,120.21101,121.58101
1366642800,122.49999,122.88,120.33333,122.62
1366646400,122.62,123.99,121.7,123.012
1366650000,123.012,124.05196,123.011,124.05101
1366653600,124.05101,124.25,123.51,123.7992
1366657200,123.7992,126.6,123.51,125.1
1366660800,125.10001,127,124.11,126.25
1366664400,126.70732,127.3,125.55,125.55
1366668000,125.55,126.84,125.55,125.71001
1366671600,126.48,127.39999,125.65,127.39999
1366675200,127.39999,129.17,124.97,127.9999
1366678800,127.99949,128.29804,126.5,127.62225
1366682400,127.62225,129,126.8205,128.97
1366686000,128.86103,129.2,127,127.70003
1366689600,128,128.5,126,128.38999
1366693200,128.27161,128.4999,127.01,127.51
1366696800,127.51,128.8,127.11,128.60999
1366700400,128.00001,128.6098,127.2,127.40001
1366704000,127.99998,128,127.02,127.1
1366707600,127.1,127.6994,126.5,126.9999
1366711200,126.99989,127.6,126.99989,127
1366714800,127.01001,127.777,126.81337,127.26
1366718400,127.69191,128.945,127.25,128.74901
1366722000,128.77813,134.99,128.7,132.011
1366725600,132.89999,137.6886,132.011,136.6
1366729200,136.5,137.4,132.7331,133.22
1366732800,133.3166,136.19999,132.63,134.5
1366736400,134.69998,135.8,133.25,134.99999
1366740000,134.90843,137.123,134.7,137.1
1366743600,136.75001,139,136.04,137.99999
1366747200,137.99999,142.019,137.4,141.7
1366750800,142,142.4875,138.51,141.75
1366754400,141.23657,144.019,140.61,143
1366758000,143.00001,143.7,140.2,143.475
1366761600,143.476,144,142.01,142.511
1366765200,143.69999,145.326,143.05,145.24001
1366768800,145.25,145.326,142.07,144.98999
1366772400,144.31125,147.495,143.75,147.25
1366776000,147.25,147.69999,145.11,147.02
1366779600,147.01999,147.98997,141.25,143.63386
1366783200,143.50001,146.78,143.2,145.404
1366786800,145.39,145.78,142.5599,143.26
1366790400,143.26001,144.9,143.26,144.6
1366794000,144.36,154.9,144.34,152
1366797600,151.99999,157.43253,148.80727,152.6325
1366801200,152.63249,152.98,146.7001,152.87999
1366804800,152.87999,159.09938,151.83,155.30193
1366808400,155.9,159.7,155.9,159.199
1366812000,159.19801,162.83,156.42,161
1366815600,161,166.43438,160.12,166
1366819200,166,166.43438,150.01,154
1366822800,154,159,145.74146,155
1366826400,154.20001,157,140.96635,148.49
1366830000,148.41,154.9,142.01,152.5
1366833600,152.90001,156.75,147.5,155.9
1366837200,155.01001,156.7,148.514,151.2888
1366840800,151.2888,153.79,150.2,152.5001
1366844400,152.99989,156.19,152.32,154.2
1366848000,154.9,156.49,154.00001,156.46
1366851600,156.46,157.34,153.1,153.67
1366855200,153.82,155.26999,150.61584,155
1366858800,154.99999,155.77,151.8,154.5
1366862400,154.4894,156.47,153.30001,156.47
1366866000,156.47,157.8,152.201,154.50021
1366869600,154.50001,157,154,156.01
1366873200,156.01,157.8,155.65511,157.49001
1366876800,157.69999,159.5,155.5,159.5
1366880400,159.5,162,157.1079,158.1
1366884000,159,159,157.1,158.5
1366887600,158.5,158.6,157.1,157.156
1366891200,157.34998,159.66165,154.89999,156.46
1366894800,155.56001,156.46,151.75783,153.782
1366898400,153.782,156,152.47001,155.00001
1366902000,155,156.6,153.5,154.99
1366905600,155,155.68,152.1,154.5
1366909200,154.5,157,146.04786,152.51
1366912800,152.51,153,148,148
1366916400,148.2,149.88,144.02,144.9
1366920000,145,147.4,120.089,132.00001
1366923600,132.00001,143,125.69,139.987
1366927200,139.6,149.8797,138.00001,144
1366930800,144.14999,145,134.8,141.71002
1366934400,141.71001,144.987,138.78497,141.3
1366938000,141.00001,141.3,134,136.1
1366941600,136.14999,136.97001,126.56,134.04
1366945200,134.04,137,131.2,134.47999
1366948800,134.47999,134.99,130,130.4
1366952400,131.97998,131.97998,121.45164,125
1366956000,127,132.49999,124.01001,129.21003
1366959600,129.21,130.4,125.002,128.337
1366963200,128.33699,134.8,126.96,134.00001
1366966800,134.00001,134.94,132,132.0342
1366970400,132.1,133.99,129,129.95037
1366974000,130,133.85,129.4,132
1366977600,132.5,139.2,132,137.76336
1366981200,137.76336,138,134.2,135.13421
1366984800,135.50001,137.9899,134.41,136.49999
1366988400,136.49999,136.998,133.1,133.99024
1366992000,133.99024,135.49,131.1,133.44999
1366995600,132.44,138.06567,132.01,136.7
1366999200,136.5001,136.7,133.25,134.5
1367002800,134.5,135.25,133.02001,134.99234
1367006400,134.865,138,134.01251,136.13
1367010000,136.13,137.9,135,136.81569
1367013600,136.81568,138.9999,136,137.2301
1367017200,137.5,138.5,135,136.90001
1367020800,136.89,137.99,135.37071,135.6
1367024400,135.8,136.6159,134.51202,135.46099
1367028000,135.3,137.59011,135.17017,137.35249
1367031600,137.35249,138,136.81,137
1367035200,137.00001,137.95,135.401,137.84999
1367038800,136.62374,137.7987,136,136.9999
1367042400,136.36,137.65,136.20002,136.74681
1367046000,137,137,136.5,136.789
1367049600,136.78902,138.98,136.521,138.5001
1367053200,138.5001,139.05,135,136.69084
1367056800,136.69105,137.76989,135.01,135.56391
1367060400,135.56391,136.91,135.25,136.14373
1367064000,136.14373,139.88,131.0021,136.90348
1367067600,136.67879,136.88,132.1,134.5
1367071200,134.50001,135.89899,133.888,134.26
1367074800,134.26,135.5,132.99896,134.29999
1367078400,133.98966,135.4,131.1,132.99
1367082000,132.9899,132.99,128,129.39999
1367085600,129.39999,130.98982,128,130.37835
1367089200,129.99,132.0239,124.03,126.00375
1367092800,126.00375,133.981,122.71,127.50001
1367096400,127.50001,128,126.16858,127
1367100000,127.48998,129.18,126.5211,128.7
1367103600,128.9,128.9,126.8,128.00011
1367107200,128.00011,131.99,127.5,131
1367110800,130.987,131.25,129,130.60002
1367114400,130.6,130.83,129.3,130.83
1367118000,130.79999,130.83,130,130
1367121600,130.00001,130.48081,129.02,130.00002
1367125200,130.00002,130.74999,129.41,130.73997
1367128800,129.702,131,129.45,130.84001
1367132400,130.84001,131.94,130.70001,131.67999
1367136000,131.67999,131.94,131.22,131.4999
1367139600,131.4999,132.24606,130.6,132.00001
1367143200,132.2,133.1,131.48,132.49999
1367146800,132.49999,133.998,131.55555,132.82999
1367150400,132.82,133.77,132,132.79
1367154000,132.65001,135.28,132.65,134
1367157600,134.00021,134.98999,133.86,134.66
1367161200,134.66,136.65,134.2,136.39
1367164800,136.00012,136.68,134.15,134.50001
1367168400,135,136.45,134.50004,135.9199
1367172000,135.9199,136,135.1,135.4
1367175600,135.59999,135.75002,131.523,133.82999
1367179200,133,134,131.55111,134
1367182800,134,134.26999,132.245,133.59001
1367186400,133.87164,134.18,132.245,133.50001
1367190000,133.95997,135,132.7333,134.44444
1367193600,134.4,135.075,134,135.075
1367197200,135.07499,135.79999,134.131,135.77799
1367200800,134.93491,135.79999,134.82999,135.5
1367204400,135.79799,135.79999,134.82999,135.27
1367208000,135.27,135.5,133.31124,134.99999
1367211600,134.99999,135.5,133,135.49999
1367215200,134.50002,135.6,134.50001,135.4
1367218800,134.544,135.6127,134.50001,134.80402
1367222400,135.56999,139.88888,134.50001,138.01006
1367226000,138.01006,139,137.2,138.48
1367229600,138.48,139.7,137.54,138.99
1367233200,138.30001,143.99,138.3,143
1367236800,143,147.76999,142,146
1367240400,145.5,149.08,145.3,145.8
1367244000,145.8,146.2,142.15,143.50005
1367247600,143.50007,144.2135,142.55,143.02001
1367251200,143.02,144.2135,140.50002,140.65001
1367254800,140.65,142.79999,140.5,141.0101
1367258400,141.5,143.87987,141.02,143.84272
1367262000,143.84271,143.84272,141,143
1367265600,143,143,141.6,142.47347
1367269200,142.30001,142.474,141.1001,142.474
1367272800,142.474,144,142,142.801
1367276400,142.12001,144.549,142,143.99991
1367280000,143.80001,144.55,142.82,144.3999
1367283600,144.03001,145,143.6,144.8
1367287200,144.00001,145.79,144,145.00021
1367290800,145.5,145.69,142.5,143
1367294400,142.68001,144.66,142.6101,144.4
1367298000,144.40001,145,143.51,144.5
1367301600,144.01001,144.98888,143.5211,144.98888
1367305200,143.98011,145.789,143.98,145.02
1367308800,145.02,146.93,144.25,146.41
1367312400,146.00001,146.40997,145.02,145.1
1367316000,145.02,146.1993,143.5,145.09998
1367319600,145.09998,146.4,144,144.7
1367323200,144.7,145.98993,144.3,145.2
1367326800,145.2,146.5,144.6,145.85979
1367330400,145.00001,145.65989,137.45,141
1367334000,141.00002,142,138,141.00001
1367337600,140.99999,141.66666,137.11,138
1367341200,138,139.79,136.17,138.80001
1367344800,138.80002,139.3,134,136.4999
1367348400,136.4999,137.6,134.90001,135.51
1367352000,136.50002,139,135.5,135.5
1367355600,138.37621,138.47,135.5,138.47
1367359200,138.46999,141.9,136.00001,140.60948
1367362800,140.60948,141.42236,137.121,139.2269
1367366400,139.00004,139.899,137.1334,138.4999
1367370000,138.49991,140.06,137.49999,138.19999
1367373600,137.5,138.59864,136.45325,137.9999
1367377200,137.99989,137.99989,127.3,130
1367380800,129.99999,134.9,128.53,133.32025
1367384400,133.32025,136,132,135.5
1367388000,135.80905,137.46,131,133.5
1367391600,133.5,133.7499,131.35763,132
1367395200,131.8,132.49,128.86,129.74
1367398800,129.8,131.99,127.199,129.011
1367402400,129.44501,132.5,129,131.10001
1367406000,131.98999,133,130.8,133
1367409600,132.98,133,129.77704,131.97
1367413200,131.90001,132.04014,129.5,130.99
1367416800,130.99,130.99001,127.52,129.79999
1367420400,129.79999,130.64,128,128.65022
1367424000,129.89999,129.9999,124,125.62001
1367427600,126.25647,127.00987,122.282,123.99998
1367431200,123.99901,124.29999,104,118.39999
1367434800,117.89,118.99999,106.99,111
1367438400,109.67727,117.6,109,117.401
1367442000,117.47999,120.7,115.94708,117.88
1367445600,117.88,119,113,115.936
1367449200,115.48,117.5,114,116.37999
1367452800,116.37999,116.9,110.289,115.09
1367456400,115.09,115.32911,111,113.99
1367460000,113.98998,118.989,113.2,117.79999
1367463600,117.79999,118.989,114.8,116
1367467200,115.99998,118,115.71403,118
1367470800,118,118.23899,115.11002,118.15098
1367474400,118,118.75851,116.64001,118.74
1367478000,118.74,124.85,118.31769,124
1367481600,123.99998,126.9,117.61,122
1367485200,122.00001,123,120,120.866
1367488800,121.50001,121.9795,114.8,116.49999
1367492400,116.49998,118,111,112.86481
1367496000,112.90214,114.75677,106.001,107.8
1367499600,107.8,112.49,105,106.5
1367503200,105.2,107.9,96.21,100
1367506800,100.00357,100.7,91.11,96.29998
1367510400,96.20001,106.99,91.2,105.0001
1367514000,105.05427,107,100.1,105.6
1367517600,105.6,106.38364,101.07354,103.75001
1367521200,103.89998,105.3,102.88,104.95697
1367524800,104,112.5,103.26,110.14118
1367528400,110.01403,114.731,109,111.79
1367532000,111.77001,112.94,105,106.5
1367535600,106.50001,110.2,100,106.25
1367539200,106.5,109,103,105.47002
1367542800,105.48,105.65,103.51,104.9978
1367546400,104.9978,105.73,96.5,99.63001
1367550000,99.79,101,96.63835,97.94529
1367553600,97.94,100,91.01101,96.79666
1367557200,96.00101,101.20663,94.52152,98
1367560800,97.99999,98.98,94.01,95.66601
1367564400,95.60001,95.80867,90.21,94
1367568000,94,94.125,85.01,89.00009
1367571600,89.00008,91.38,86.001,90.79999
1367575200,90.09517,91.77464,84,84
1367578800,84,85.42958,79,81.85
1367582400,81.5001,85.00003,80,81.83434
1367586000,81.8134,97.49,81.22211,90.88148
1367589600,90.88148,98,90.2,94.86343
1367593200,94.86343,95.994,91,92
1367596800,92.05,94.84,91.78,93.01
1367600400,93.01001,94.59,92.01,92.98
1367604000,92.61001,93.99999,90.9,90.99
1367607600,90.98431,91.9,90.02,90.97
1367611200,90.45001,95.255,90.05,94
1367614800,93.99999,94.1,91,92.3959
1367618400,91.45011,94.488,91.06,93.82715
1367622000,94,98.1,92.8108,98.1
1367625600,98.10246,99.8,92,93.24998
1367629200,93.24998,96,93,95.9998
1367632800,95.73256,96.10001,92.99,95.76
1367636400,95.7,95.9,94.5636,95.67897
1367640000,95.68,97.6,95,96.7
1367643600,96.40004,97.349,95.58394,96.9
1367647200,96.89901,101.72,96.89901,101.38
1367650800,101.38,102.061,98.45161,101.22796
1367654400,101.22796,103.8888,101.00979,103.2
1367658000,103,103,97.25,100.87071
1367661600,100.1,103.9,99.7622,101.49999
1367665200,101.48129,103.5,100,102.501
1367668800,102.5,104.57,101.2,104.46947
1367672400,104.30001,107.98,104.1,106.61001
1367676000,106.61001,115.24,105.282,108.7899
1367679600,108.41457,113,105.80001,113
1367683200,111.22,116,109.12,114.9
1367686800,114.72545,116.3,110.022,112.21
1367690400,111.12,113.49,108.5,112.41
1367694000,112.2,112.5,110.01,110.2
1367697600,110.12,115,110.06241,114.9
1367701200,113.41319,114.94,112.621,113.00925
1367704800,113.00926,114.23,112.421,113.511
1367708400,113.511,113.78,111.311,112.9
1367712000,112.9,113,111.311,111.68
1367715600,111.68001,116.02,111.5,114.90191
1367719200,114.95,118.365,114.95,117.81
1367722800,117.81,118.49,116.94576,117.5
1367726400,117.99999,118.85,115.2,116.70301
1367730000,117.48986,117.49,115.8,116.8
1367733600,116.8,117.26743,111.97001,113.86018
1367737200,113.86018,115,107,108.3
1367740800,107.6,114.78,107.6,111
1367744400,111.12,111.87222,107,107.98989
1367748000,107.79999,110.4987,107.00002,110.4987
1367751600,110.02396,114.50178,108,110.28103
1367755200,110.25028,111.35986,108,110.09999
1367758800,110.09999,113.499,108.99,111.4884
1367762400,111.4,116,110.7,114.995
1367766000,114.995,115.689,113.36037,114.53511
1367769600,114.60001,116.89,114.53511,115.39101
1367773200,115.39501,116.2,114.01,115.55
1367776800,115.85001,118,115.85001,116.8
1367780400,116.8,117.5,115.6,115.63
1367784000,115.63,117.31,115.61,116.5
1367787600,116.5,116.96999,115.50498,115.55
1367791200,115.99998,116.49,114.58549,116
1367794800,115.51,117.98,115,115.98
1367798400,115.9372,117.198,115.25,117.1
1367802000,116.978,117.2,115.75001,116.50001
1367805600,116.50001,120,116.50001,118.99998
1367809200,118.90002,121.8,118.29418,120.789
1367812800,119.99001,120.58999,117.3,118.99995
1367816400,118.99999,124.69999,117.53,119.1
1367820000,121.00209,123.39555,119.4,122.48
1367823600,122.4799,123.49999,120.0001,121.63927
1367827200,121.325,123.46,120.50825,121.75
1367830800,121.99999,123.381,121.76,122.99001
1367834400,122.99001,123.58999,121.50001,122.944
1367838000,122.949,124.7,121.5,123
1367841600,123,124.9,122.122,123.98
1367845200,123.25478,124.9,120.5,122
1367848800,121.99999,124.663,115.27526,118.2
1367852400,118.47094,120.661,116.81,119.00001
1367856000,119,120.662,118.5,120.48
1367859600,120.48,122,120.11,120.2
1367863200,120.20001,122,120,120.48999
1367866800,120.11001,120.73,116.1,116.5
1367870400,116.3,116.8,111.30001,113.5
1367874000,113.5,113.97,106.01,111.40593
1367877600,111.339,112.35,107.96438,110.44597
1367881200,110.44597,114.2557,109.28,112.25
1367884800,112.245,113.444,110.52,110.75
1367888400,110.70001,111.89,106.09,108
1367892000,108,110.26544,106.01,107.79797
1367895600,107.78,111.73,102,106
1367899200,105.91722,108.97,105.27,105.97001
1367902800,105.90999,110.93,105.71002,110.87
1367906400,110.86999,112,108.70371,109.448
1367910000,109.5,111,106.521,107.87999
1367913600,107.87999,110.76,107.14,110.65999
1367917200,110.65999,111.54377,109.68346,110.79999
1367920800,110.79798,111,109.68346,111
1367924400,111,111.07,107.22101,108.45099
1367928000,107.44,108.43998,103.0011,103.39998
1367931600,103.39999,105.9,102.6,104.00009
1367935200,104,104.00009,97.52,101.97
1367938800,101.97,106.9,99.80235,106.3
1367942400,106.35999,109.2345,103,107.6
1367946000,108,110,104.24,107.21
1367949600,107.21,107.59667,105,106.29999
1367953200,105.35582,106.65,105.11003,106.65
1367956800,106.65,109.85,106,108.8
1367960400,108.8,110,106.52,109.7
1367964000,109.7,112.5,107.7,110.58998
1367967600,110.58987,114,109.60013,109.60013
1367971200,109.69773,112,109.5,110.9
1367974800,110.49999,113.9999,110,113.96499
1367978400,113.9,115.30001,113.14951,114.9
1367982000,114.21101,115,112.0112,114.00001
1367985600,114.59999,114.78,111.55592,113.494
1367989200,112.49,113.1,110.1,111.31
1367992800,110.522,112,110,111.52999
1367996400,111.5,116.777,110.9,114.7
1368000000,114.88,115,112.3,113.9
1368003600,113.88,113.88,110.2,111.64999
1368007200,111.51,113.2219,111,112.10001
1368010800,112.49499,113,111.101,112.99999
1368014400,112.99999,113.29277,111.101,112.289
1368018000,111.86001,112.963,111.33004,112
1368021600,112,113.29778,111.74,113
1368025200,112.60001,113.14999,112.11,113
1368028800,113,114.5,112.01111,113.7
1368032400,113.69999,115.84,112.85127,114.479
1368036000,113.905,114.899,113.5,113.5
1368039600,114.84499,115.21589,112.5,114.39999
1368043200,114.3,114.97,113.44741,113.97989
1368046800,113.611,113.99,112.5125,113.49
1368050400,113.49,114.98,112.63004,113.38036
1368054000,113.38035,113.989,111.3701,113.2
1368057600,113.48999,113.59,111.11,112.3
1368061200,112.3,112.99,108.8,109.20004
1368064800,110,111.76331,108.8,109.26001
1368068400,109.26001,112.8,109.001,112.4
1368072000,112.4,112.8,110.205,111.41399
1368075600,111.41399,112,110.4,111.5
1368079200,111.5,113.15999,111.29437,111.8996
1368082800,111.50011,112.43,111.5,111.85
1368086400,111.7199,112.87,111.7199,112.50001
1368090000,112.50001,112.666,111,111.50456
1368093600,111.50456,111.50456,110,110.799
1368097200,111,112,110.00002,111.80484
1368100800,111.8,112,110.7,110.7
1368104400,110.99999,113,110.705,112.99
1368108000,112.55943,113.2,111.1018,111.43999
1368111600,111.44,112.8,111.44,112.09325
1368115200,112.09324,113.61467,111.659,113.29898
1368118800,113.29899,113.71852,112.1,112.46166
1368122400,112.1,113.4,112,112.47351
1368126000,112.47351,113.46,112.46351,113
1368129600,113,113.4,111.10174,113
1368133200,112.65232,113.19,112.1,112.2
1368136800,112.13667,112.89999,112,112.86001
1368140400,112.86001,112.86474,111.34567,112.799
1368144000,112.799,112.86399,112,112.47999
1368147600,112.47999,112.6,111.55,111.5512
1368151200,111.5512,112.588,111.54,112.35
1368154800,112.35,112.9,111.62099,112.64999
1368158400,112.64998,113.199,112.00501,112.36003
1368162000,112.37001,113.2,112,112.94
1368165600,112.95,113.49,112.15002,112.62001
1368169200,112.62001,114.7,112.16,113.2
1368172800,113.6862,118.72,113,116.7
1368176400,116.7,119.96,116.51,117.80123
1368180000,117.82,118.48,116.45,117.646
1368183600,117.13002,117.64599,116.31,117
1368187200,117,122.22222,117,121.01001
1368190800,121,122.5,120.055,120.06
1368194400,120.055,122,119.51,121.8
1368198000,121.75,121.75,118,120.99
1368201600,120.5114,120.99,118.251,118.88
1368205200,118.88,119.43,117.61,117.78
1368208800,117.78,119.5,117.2,118.82999
1368212400,118.7,119,117.7,118.77999
1368216000,118.77999,118.78,117.51,118.22568
1368219600,118.44564,118.69,117.5,118.4
1368223200,118.40001,118.57,117.51,118
1368226800,118,118.3998,117.00002,117.7
1368230400,117.59001,117.9999,117.00002,117.08
1368234000,117.7639,117.9998,117.02001,117.99969
1368237600,117.99969,118.0088,117.0702,117.96761
1368241200,117.9678,117.9679,115.51631,116.49889
1368244800,116.49889,116.9998,115.75,116.9998
1368248400,116.99501,117,115.7859,116.82457
1368252000,116.10003,116.82458,114,114.92178
1368255600,114.92177,115.65401,114,115.51
1368259200,115.51498,115.8,115,115.79998
1368262800,115.78001,115.8099,115.01,115.7498
1368266400,115.7498,118.5,115.11,118.4
1368270000,118.5,118.74,117.35,118.03
1368273600,118.03001,118.38,115.75,116.94579
1368277200,116.94579,117.88998,115.811,117.38999
1368280800,117.39,117.88,115.75,116.6
1368284400,116.59999,117,115.77,116.68297
1368288000,116,116.68295,115.58,116.15723
1368291600,116.15724,116.38999,115.1,115.39999
1368295200,115.39999,116.1,115.01,116
1368298800,116,116.1,115.02099,115.5
1368302400,115.5,115.5,113,115
1368306000,115.095,115.5,114.01,114.68
1368309600,114.68,115.49,114.02727,115
1368313200,115,115.78,114.50004,115.64
1368316800,115.65,115.8,115.00303,115.8
1368320400,115.8,115.8,115,115.769
1368324000,115.75999,115.76,115,115.71998
1368327600,115.71998,115.72,115.02,115.59999
1368331200,115.59999,115.8,115.1,115.14301
1368334800,115.74799,115.9,115.13001,115.9
1368338400,115.9,117.432,115.35055,116.8
1368342000,116.8,117.449,116.25545,117.1
1368345600,116.26003,117.47,116.26,116.99999
1368349200,117.09999,117.2,116.2,116.97899
1368352800,116.20001,117.244,113.12111,115.10001
1368356400,115.35,115.98,114.5,115.34
1368360000,115.00002,115.33999,112.4,114.5
1368363600,114.5,114.84316,113.11,114.4699
1368367200,114.03505,114.9,113.4,114.80989
1368370800,114.80989,115.1444,113,114.11
1368374400,113.64068,115.1,113.64068,114.91
1368378000,114.91,115.055,114.01,114.58998
1368381600,114.545,116,113.811,114.965
1368385200,114.78,114.969,114,114.45612
1368388800,114.89984,115,114.05103,114.99999
1368392400,114.99999,116.3,114.99999,115.98998
1368396000,115.98998,115.99,114.25,114.97
1368399600,114.97,115.1,114.12525,114.82002
1368403200,114.82,115.87999,114.51,115.87999
1368406800,115.875,116.35,115.51,116.35
1368410400,116.2,116.71,115.3,115.3
1368414000,115.4,116.49,114.5002,116.1507
1368417600,116.15062,116.43199,115.01,116.1
1368421200,116,116.99,115.84496,116.39001
1368424800,116.4998,116.95999,115,115.01
1368428400,115.01,116,115.01,115.95001
1368432000,115.95001,116.9889,115.86,116.87675
1368435600,116.55001,117.21008,115.86,116.4999
1368439200,115.94461,118,115.93301,117.3
1368442800,117.3,118.88,117,117.71015
1368446400,117.75001,118.699,117.5,117.97989
1368450000,117.61001,118.2,116.235,117.29
1368453600,117.20001,117.49,116.62,116.99999
1368457200,116.98,117.5,116.61501,117.00011
1368460800,117.00011,117.5,116.3,117.27
1368464400,117.27,117.988,116.32001,117.71999
1368468000,117.41315,117.72999,116.2371,117.71
1368471600,117.48001,118.148,117,117.5
1368475200,117.495,117.5,116.025,116.05001
1368478800,116.05001,117.17999,116.025,117
1368482400,117.17999,117.19999,116.028,117.19999
1368486000,117.19999,118,116.12,117.97968
1368489600,117.97968,117.97968,117.061,117.42
1368493200,117.42001,117.98,117.312,117.57999
1368496800,117.57999,117.97,117,117.32002
1368500400,117.32003,118,117,117.45
1368504000,117.04003,118,117.03602,117.98
1368507600,117.86002,118.2,117.543,117.543
1368511200,117.9991,118.3,117.5423,118.2
1368514800,118.10002,118.29,117.559,117.95998
1368518400,117.95998,118.3,117.51,117.99899
1368522000,117.89999,118.4499,117.5,118.38999
1368525600,118.0368,119.5,118.0368,118.8
1368529200,118.99999,119.549,118.7,118.80002
1368532800,118.8,119.8,118.8,119.8
1368536400,119.74573,119.80002,118.12,119.30002
1368540000,119.4904,119.5,119.01,119.319
1368543600,119.319,119.649,119.01,119.494
1368547200,119.49401,119.77,119.01,119.7
1368550800,119.7,119.7,118.501,118.61
1368554400,118.78999,119.35,118.201,118.84795
1368558000,118.85,119.24498,114.13,114.2
1368561600,114.2,116.23758,109.42198,114.87
1368565200,114.71,116.6,112.12,114.48
1368568800,113.98,114.85,112.55,112.75
1368572400,112.89998,113.38599,110.2,111.4
1368576000,111.29998,111.50001,103.01847,105
1368579600,105.53001,111.3,105.53001,106.531
1368583200,106.531,108.8,104,105.5
1368586800,105.5,107.6,105.5,105.89999
1368590400,105.89999,110.94607,105,109.2
1368594000,109.3,111.85,107.0101,111.85
1368597600,111.47997,116,111.47997,114
1368601200,114.45,116.44,110.20273,112.89
1368604800,112.80099,114.70418,110.55,112.325
1368608400,112.3,114.29,111.5,113
1368612000,113.05,114.31548,112.60501,113.3
1368615600,113.00001,114.2555,111.5,112.90997
1368619200,112.76004,114,111.98337,113.69998
1368622800,113.6,114.34,112,112.5
1368626400,112.5,114.989,112.5,114.47
1368630000,114.39999,116.4,113,113.32
1368633600,113.99999,115.48,113.3,114.74998
1368637200,114.28901,115.39,113.99501,114.8
1368640800,114.8,114.985,112.88,112.88
1368644400,112.87001,113,111.22,112.8
1368648000,112.8,115.98889,111.05001,114
1368651600,114.25,115.5,111.13018,114.13
1368655200,114.13,115.44444,112,114
1368658800,114,116,113,114.22
1368662400,114.22,115.5,113.85,115.4999
1368666000,115,115.4999,114.01111,114.1
1368669600,114.1,116.14,114.0511,115.52
1368673200,115.52,116.47659,114.58,115.05
1368676800,115.05,116,114.28,114.341
1368680400,114.34,114.6,113.2,113.2
1368684000,113.2,114.8,112.1,114
1368687600,114,114.7777,113.11,113.6
1368691200,113.42,114.999,113.1,113.51
1368694800,113.51,114.9365,113.16003,114.03827
1368698400,114.005,114.89901,114.005,114.01
1368702000,114.01,114.89999,113.99,114.00016
1368705600,114.00016,114.74049,113.911,114.4
1368709200,113.93,115.499,113.93,115.20001
1368712800,115.20001,115.95,115.001,115.85
1368716400,115.85,115.93998,114.4,114.9
1368720000,114.9,115.1,114.111,114.21
1368723600,114.20001,115.84,114.111,115.54999
1368727200,114.81006,116,114.81006,115.45
1368730800,115.149,115.6,114.36,115
1368734400,115.2,116,114.52001,115.89966
1368738000,115.00004,117.49,115.00003,117.26828
1368741600,116.50001,117.48,116,116.92
1368745200,116.81,118.96999,116.02,118.21
1368748800,118.21,118.89,117.315,118.224
1368752400,118.00001,118.6172,117.52,117.561
1368756000,117.561,118,117.22001,117.22001
1368759600,117.22001,117.783,116.5712,117.5
1368763200,117.5,117.93,116.94001,116.94001
1368766800,116.94001,118.87,116.66666,117.92
1368770400,117.45002,118.4,116.77,117.10001
1368774000,117.5,117.5,116.77,116.97
1368777600,116.833,117.5,116.8,117.49009
1368781200,117.0085,118.6,116.82,118.5
1368784800,118.50559,118.865,117.5,117.69997
1368788400,117.86351,119.83672,117.86351,119.2
1368792000,118.9,119.9,118,119.5
1368795600,119.5,119.9,117.8,118.35794
1368799200,118.35794,119.122,118.10001,118.48685
1368802800,118.47963,119.8999,118.47,119.1
1368806400,119.1,122.3058,119.03645,121
1368810000,121.10002,125.51638,121,124
1368813600,124,125.5555,121.7,123.5
1368817200,123.3,125.09,122.315,123
1368820800,123,123.97,122.3201,122.68
1368824400,122.69,124,122.4,122.56
1368828000,123.09997,124.18,121.25,122.9
1368831600,122.9,124.3999,122.9,123.49997
1368835200,123.5,124.00001,123.01,123.987
1368838800,123.987,125,122.25,124.5
1368842400,124.5,125.25,123.00003,125.00001
1368846000,125,125.31189,124.4,125
1368849600,124.40002,125.30001,124.124,124.2
1368853200,124.2,125,123.5,123.67756
1368856800,123.99281,124.00001,123.12001,123.1301
1368860400,123.12202,123.55,123,123.1
1368864000,123.1,123.55,123,123.39792
1368867600,123.00003,123.58,122.76,123.57994
1368871200,123.5,123.9,123.01,123.49
1368874800,123.25315,124.295,123,123.33328
1368878400,123.33086,123.6,123,123.30001
1368882000,123.30004,123.9,123.0111,123.25007
1368885600,123.25006,123.733,122.59592,122.62001
1368889200,122.62,122.89,122.59591,122.6301
1368892800,122.6301,124.2,122.6301,122.99
1368896400,122.71007,123.48,122.71007,123.00003
1368900000,123.35466,124.12472,123.00002,123.87
1368903600,123.87,123.9,123.015,123.20004
1368907200,123.20002,124.1111,123.01,123.89
1368910800,123.89,124,123.0161,123.89999
1368914400,123.20001,123.9999,123.07,123.071
1368918000,123.10008,123.8,123.071,123.211
1368921600,123.25,124,123.2,123.2
1368925200,123.20135,123.95,123.05,123.94772
1368928800,123.94769,123.94769,123.20006,123.31765
1368932400,123.31765,123.7,123.05,123.49899
1368936000,123.4989,123.4989,123.04,123.041
1368939600,123.04103,123.49,123,123.10004
1368943200,123.02602,123.10005,122.59591,122.70749
1368946800,122.70748,123.49,122.601,123.41
1368950400,123.41,123.41,122.722,122.87
1368954000,122.93447,123,122.5959,122.60001
1368957600,122.60002,122.8888,122.59591,122.66539
1368961200,122.59596,124.50101,122.511,124.351
1368964800,124.42547,124.50101,123.11001,123.15
1368968400,123.13997,123.4,122.54,122.97683
1368972000,122.97683,123.4,122.5208,123.19994
1368975600,123.19995,123.39999,122,122.45071
1368979200,122.25056,122.49494,119.5,120.09999
1368982800,120.1,122.88,119.5,121.01
1368986400,121.01,121.39999,120,120.5
1368990000,120.5,121.92213,119.8,121.88888
1368993600,121.51,122.82,120.4,121.56886
1368997200,121.56886,122.09999,120.51925,121.412
1369000800,121.41743,122.85,121.12,122.7
1369004400,122.55001,122.75,121.99001,122.5
1369008000,122.5,123,121.99003,122.88228
1369011600,122.73396,122.94,121.50001,121.98
1369015200,121.55,122.60463,121.26,122.1
1369018800,122.29999,122.55,121,121.122
1369022400,121.27547,122.06992,120.1,121.75
1369026000,120.63,123,120.55,122.43653
1369029600,122.96995,123.69,121.89291,122.79487
1369033200,122.74499,123.589,121.5,122.79389
1369036800,122.79389,123.4,121.72143,122.30002
1369040400,122.30002,123.588,121.5909,122.38441
1369044000,122.72207,122.72207,121.92,122.06503
1369047600,122.72187,123.3,122.06502,122.50102
1369051200,122.39748,122.79,122,122.66721
1369054800,122.54454,123,122.14,122.89
1369058400,122.8,123.59,122.3,123
1369062000,122.51001,122.97,122.13,122.77
1369065600,122.75001,122.77,122.1601,122.1601
1369069200,122.19998,123.1,122.16,123.1
1369072800,123.08999,123.1,122.16,122.49998
1369076400,122.16001,122.9,122.111,122.50053
1369080000,122.50053,122.95,122.111,122.95
1369083600,122.95,123.09,121.01,121.54
1369087200,121.4,122.5,121.02002,121.87003
1369090800,121.99997,122.66,121.601,122.02
1369094400,121.99999,122.68,121.80001,122.60999
1369098000,122.49999,122.89999,121.8,122.49
1369101600,122.49,122.89999,121.49368,122.88
1369105200,122.88,122.89999,121.711,122.44999
1369108800,121.71702,123.08085,121.71101,122
1369112400,122,123.08085,121.711,121.98001
1369116000,121.98,122.50002,121.641,122.4
1369119600,122.4,122.96,121.73401,122.00001
1369123200,122.00001,122.9888,121.1,121.55
1369126800,121.55101,122.8099,121.12,121.21
1369130400,121.21,122.66,121.20001,121.73
1369134000,121.73,122.7,121.5,122.2
1369137600,122.2,122.49,121.5411,121.643
1369141200,121.643,122.489,121.5,121.5
1369144800,121.70999,122,121.35,121.74
1369148400,121.74,122.59,121.3333,122.495
1369152000,122.00001,122.7,121.522,122.5
1369155600,122.5,122.99998,121.61108,121.73799
1369159200,122.495,123,121.76,122.12501
1369162800,122.99999,123,122.12,122.98
1369166400,122.98,123,122.12,122.79
1369170000,122.20001,122.9,122.12,122.77999
1369173600,122.77999,122.99,122.12,122.69998
1369177200,122.30011,122.9,122.252,122.89001
1369180800,122.89001,122.98,122.3,122.9699
1369184400,122.9699,122.99,122.12,122.50001
1369188000,122.5,122.9,122,122.82
1369191600,122.82,123.1,122,122.21
1369195200,122.21,122.95,122.1,122.1
1369198800,122.1,122.8999,122,122.10011
1369202400,122.1001,123.486,122,123.3
1369206000,123.48099,123.49,122.571,123
1369209600,123,123.1999,122.01,122.88499
1369213200,122.21002,123,122.03,122.40799
1369216800,122.25001,123.31,122.0499,123.25
1369220400,123.25,123.6,122.2,123.49999
1369224000,122.91001,123.7,122.31,123.20001
1369227600,123.2,123.6898,122.361,122.36111
1369231200,123,123.314,122.361,122.89999
1369234800,122.89989,123,122.361,122.99501
1369238400,122.99501,123,122.2,122.9
1369242000,122.50001,122.98,122.241,122.50001
1369245600,122.50002,122.65,122.3,122.6
1369249200,122.33302,122.98,122.261,122.61433
1369252800,122.51247,123,122.26,122.95
1369256400,122.95,123.29,122.44,123.01
1369260000,123.00001,123.4,122.5,122.51513
1369263600,122.98999,124.5,122.51513,123.8
1369267200,123.80001,124.39,123,124.15001
1369270800,124.15,124.5,124.00001,124.44
1369274400,124.39999,124.45,123.74,124.35
1369278000,124.00001,125,123.70011,124.75
1369281600,124.75,124.89,124,124.00005
1369285200,124.49899,124.59999,124,124.59999
1369288800,124.59998,124.59999,123.70011,124.2
1369292400,124.2,124.4,123.7001,123.7001
1369296000,123.92136,124.39999,123.7001,123.78002
1369299600,123.78003,124.59802,123.70044,124.598
1369303200,124.16191,124.99,124.111,124.50001
1369306800,124.5,124.99,124.111,124.69999
1369310400,124.50002,125.82,124.50001,125.49999
1369314000,125.81999,126.02279,125.19876,126.01874
1369317600,126.01874,126.922,125.111,126
1369321200,126.001,126.93446,125.7,125.7
1369324800,125.7,126.3,125.2,125.50001
1369328400,125.50002,126.8888,125.3,125.3002
1369332000,125.3002,125.836,125.25001,125.3
1369335600,125.3,126.095,125.11,125.89
1369339200,125.88999,126,125.12102,125.2
1369342800,125.22301,126.1,125.2,125.35502
1369346400,125.97999,126.42009,125.355,126.42008
1369350000,126.42008,126.7,125.9,126.3
1369353600,126.3,126.78301,125.35502,126.7
1369357200,126.7,126.7901,126.21,126.7
1369360800,126.69999,126.8,126,126.75
1369364400,126.75,126.88,126,126.75
1369368000,126.6,126.86,125.71912,126
1369371600,126,126.7,125.6,126.696
1369375200,126.50001,126.75,126.2,126.74899
1369378800,126.74899,127.24,126.5,127.12999
1369382400,127.12999,127.3335,126.76007,127
1369386000,127,127.25,126.76007,127.1
1369389600,127.09999,127.5,127,127.4
1369393200,127.4,128.128,127.11,128.128
1369396800,128.15,129,128.13,128.93
1369400400,128.92,129.99,128.51001,129.99
1369404000,129.99,129.9999,127.8,129.5
1369407600,129.23044,129.6,128.5,129.4097
1369411200,129.41,132.02274,128.811,131.79998
1369414800,131.42377,131.99,130.00001,131.54113
1369418400,131.54001,133.51401,130.72019,133.5
1369422000,133.5,133.98,131.05,132.40119
1369425600,132.38298,132.5,129.05,130.14847
1369429200,130.14847,132,129.14,131.4744
1369432800,131.47999,133,130.68,132.40001
1369436400,132.5,133.4899,130.1,133.1
1369440000,133.4,133.5,132.02011,133.19997
1369443600,132.86879,133.2,130.51,132.48134
1369447200,132.48134,133.001,132.0001,133.001
1369450800,132.94999,133.2,131.0011,132.5
1369454400,132.5449,133,131.26312,132.97999
1369458000,132.99497,132.995,131.3,132.00001
1369461600,132.1,132.98889,131.81001,132.48999
1369465200,132.4,133,131.80688,132.84484
1369468800,132.84486,132.98999,131.53,132.44
1369472400,132.43999,132.51868,131.26312,131.99
1369476000,131.98999,132.2498,130.77001,130.77001
1369479600,130.77001,131.2,129.4999,129.51
1369483200,129.51,130.99,128.2,130.69999
1369486800,130.69999,130.96999,129.5001,130.95
1369490400,130.95,130.95,129.11,130
1369494000,130.28999,130.74,129.85,130.7
1369497600,130.72,131.7,130.055,131.698
1369501200,131.559,132.87899,131.52,132.6999
1369504800,132.69989,132.86859,130.6,131.93699
1369508400,131.92,132.28509,130.63,130.8
1369512000,130.79,131.5,130.01002,131
1369515600,131,131.5,130.315,131.17466
1369519200,131.17465,131.7,130.01,130.11
1369522800,131,131.9981,130.11,131.986
1369526400,131.986,132,130.98,130.98
1369530000,131.22,131.22219,130.64472,130.66999
1369533600,130.66999,132,130.61,131.85786
1369537200,131.85786,131.99,130.71005,130.91002
1369540800,131.9,131.97899,130.91003,131.97899
1369544400,131.97899,132,130.91,131.26001
1369548000,131.6,132.11,131.26,132
1369551600,132.00001,132.24999,131.8,131.82
1369555200,131.82002,133,131.82002,132.8
1369558800,132.79999,133.83999,132.2222,133.301
1369562400,133.301,133.8999,133.3,133.88
1369566000,133.824,133.9,133.25,133.26
1369569600,133.26,134.02422,132.3351,134.02422
1369573200,134.02421,135.62,133.50501,134.45
1369576800,134.73001,136,134.73,135.95
1369580400,135.9,135.99998,133.8,134
1369584000,134.1,135.5,133.5,134.84
1369587600,134.84,135.66,133.5,135
1369591200,134.99,135.5,133.57001,135
1369594800,135,135.4,134.39,135
1369598400,135,135.2,134.4,135.18989
1369602000,135.18989,135.2,134.4,135.171
1369605600,135.171,135.48799,134,135.09995
1369609200,135.09,135.1,132.75,133.5
1369612800,133.5,134.4,132.66,134.38699
1369616400,134.387,134.4,133.00001,133.251
1369620000,133.25102,135.1395,133.251,133.78898
1369623600,134.795,135.17,133.78898,135
1369627200,135.00001,135.27,134.5,134.97
1369630800,134.97,135,134.011,134.1
1369634400,134.10001,135,134.1,135
1369638000,134.715,135.27,134.5,134.5
1369641600,134.5,135.27,133.93002,134.87556
1369645200,133.99717,135.46989,133.99717,134.60004
1369648800,134.73,135.47,134.60004,135.16
1369652400,135.16001,135.46,134.40918,134.40919
1369656000,134.9,134.978,132,133.34004
1369659600,133.30224,134.2,133.30222,133.50002
1369663200,133.5,135,131.25,133.96995
1369666800,133.94095,134,132.51,132.99
1369670400,132.99999,133.9997,131.3111,132.675
1369674000,132.675,133.45,131.24001,132.77
1369677600,132.77999,132.85,128.05001,128.78
1369681200,128.785,130.75813,124,125.99995
1369684800,125.99995,130,125.00002,128.39999
1369688400,128.4,130.9,127.52516,129.7
1369692000,129.71,129.73603,128.00218,129.00002
1369695600,129.45999,130.64499,129.45999,129.76999
1369699200,129.76994,130.62998,127.8,128.495
1369702800,128.10001,129.8,127.8,129.49996
1369706400,129.40001,129.49996,127.45553,128.67
1369710000,128.69984,128.86,126.3,127.29999
1369713600,127.29998,128.8,126.21,127.5001
1369717200,127.3,128,126.2,126.99994
1369720800,126.99501,128,126.52,127.98001
1369724400,127.98001,128.9444,127.8,128.1
1369728000,128.09999,129.99,127.99999,129.5
1369731600,129.78999,129.8,127,128.20007
1369735200,128.62899,128.87999,128.5,128.79999
1369738800,128.79998,129.3999,128.09931,129
1369742400,129,129.6994,128.055,129.13002
1369746000,129.13001,129.879,126.62,127.8
1369749600,127.58999,128,125.4,127.39999
1369753200,127.39999,128.8,126,128.09998
1369756800,128.1,128.6,126.36038,127.81044
1369760400,127.999,128.4511,127.61602,128.4511
1369764000,128.321,129.08896,128,128.91999
1369767600,128.91999,129.3,128.51504,128.51505
1369771200,128.74542,129.35345,128.51504,129.1
1369774800,129.1,129.1,128,129.099
1369778400,128.92003,129.5,128.5,128.50003
1369782000,128.50004,129.1999,128.5,128.99996
1369785600,128.99901,129.66,128.99901,129.66
1369789200,129.65,129.77,128.5,129.43797
1369792800,129.43796,129.489,128.33,128.89999
1369796400,128.9,129.27498,128.33,128.94998
1369800000,128.94997,129.3,128.2,128.20006
1369803600,128.20001,129.48718,128.05,128.79999
1369807200,128.30001,128.99,128.05,128.8
1369810800,128.86,129.499,128.8,129.29998
1369814400,129.29996,129.49899,128.9,129.30001
1369818000,129.30002,129.4994,129.0601,129.06999
1369821600,129.06999,129.4,129,129.06011
1369825200,129.01002,129.4,129,129.4
1369828800,129.4,129.5,128.21001,128.21001
1369832400,129.49998,129.5,128.505,128.8
1369836000,129.04995,129.9,127.6,129.26278
1369839600,129.26277,129.9,128.3001,128.99884
1369843200,128.99889,129.69,128.99879,129.69
1369846800,129.69,129.95,129.001,129.93999
1369850400,129.93998,131.8,129.49005,130.80009
1369854000,130.99999,132,130.15,131.66696
1369857600,131.66691,131.95,131.1,131.93992
1369861200,131.32002,132.67239,130.25157,131.88998
1369864800,131.88998,132.71988,130.87269,132.23996
1369868400,132.23996,132.379,130.31,132.25
1369872000,132.25,132.4,131.1001,131.11003
1369875600,131.11004,131.71955,131.0801,131.355
1369879200,131.354,131.7,130.55,130.99
1369882800,130.55001,130.98998,129.975,130.59391
1369886400,130.59387,130.59387,129.17001,130
1369890000,129.99997,130.555,129.17001,130.55498
1369893600,130.55,131,129.25,130.99999
1369897200,130.55556,131.22,130.00002,130.99986
1369900800,130.99998,131.30029,130.26372,131.21
1369904400,131.21,131.97,130.2,130.21
1369908000,130.90993,131.71875,130.21011,131.46486
1369911600,131.46481,131.75002,130.2501,130.99
1369915200,130.25103,130.99,130.25103,130.398
1369918800,130.398,131.8,130.3119,130.50501
1369922400,130.505,131.55234,130.27,131.5147
1369926000,131.51465,131.99,130.5,131.65171
1369929600,131,131.65174,130,131.14573
1369933200,131.14572,131.14572,129.00001,131.00627
1369936800,131.00627,131.00627,130.004,130.0101
1369940400,130.86866,131.47,127.5,128.20203
1369944000,129.11,129.489,126.5,129.489
1369947600,129,129,127,128.99999
1369951200,128.99999,129.1,127.51,128.36422
1369954800,128.3642,128.8889,127.5202,128.79901
1369958400,128.8,128.88,127.53,127.89999
1369962000,127.89998,129.305,127.53,129.11
1369965600,129.11,129.2,128.34101,129.149
1369969200,129.149,129.4,128.7,128.70003
1369972800,128.70004,129.33,128.5,129
1369976400,129.32989,129.4,128.65,129.34995
1369980000,129.33,129.33,127.41,127.51112
1369983600,127.51112,129,127.41113,128.39864
1369987200,128.39863,129.19,127.88889,128.41
1369990800,128.31,129.17,127.40141,127.9
1369994400,127.89998,129.12,127.6,128.40011
1369998000,128.40011,129.11,128,129.10995
1370001600,129.10995,129.12995,128.50001,129.0001
1370005200,129.0001,129.0001,128.23708,128.62004
1370008800,128.98999,129.17998,128.62001,129.17997
1370012400,129.17997,129.17997,128.2,129.14194
1370016000,129.14194,129.14194,128.21,128.5
1370019600,128.5,129.142,127.112,128.56486
1370023200,128.56481,128.6374,126.59,127.05006
1370026800,127.05,127.89,126.33,127.89
1370030400,127.89,128.2,126.40002,127
1370034000,127.38998,130,126.54066,129.9
1370037600,129.21549,129.89993,127,127.90001
1370041200,127.90001,129.97,127.90001,128.81505
1370044800,128.82506,129.78999,127.78497,129.73516
1370048400,129.40003,129.40003,128.06,129.399
1370052000,129.399,129.40002,129.00601,129.00601
1370055600,129.10001,129.299,128.061,128.20824
1370059200,128.79998,129.20001,128.2,129.09
1370062800,129.09,129.39398,127.5,129.19489
1370066400,128.19867,129.18999,127.10001,127.24078
1370070000,127.25075,128.1,127.25075,127.43212
1370073600,127.49905,128.95,127.4,127.90002
1370077200,127.90003,129.0599,127.8,128.31
1370080800,128.34999,128.9,128,128.84999
1370084400,128.84995,128.89997,128.08004,128.74987
1370088000,128.74986,129.0689,128.02112,128.25107
1370091600,128.97499,129,128.58,129
1370095200,129,129,128,128.28094
1370098800,128.9,128.91,128.28002,128.90991
1370102400,128.90992,129.2,127.59,127.92303
1370106000,128.19999,129.2,127.76005,128.35639
1370109600,128.35639,129.19982,128.1211,129.19
1370113200,129.19,129.19968,127.5,128.93984
1370116800,128.92995,128.92995,127.55,128.82491
1370120400,128.82,129.1,128.0001,128.84001
1370124000,129.09999,129.25,128.83441,129.25
1370127600,129.25,129.3,128.14208,129.3
1370131200,129.2981,129.4,127.53,128.89999
1370134800,128.71,129,127.71033,129
1370138400,128.44003,129.29,128.21001,128.96
1370142000,128.76206,129,128,128.9588
1370145600,128.9588,128.99999,128.02,128.07689
1370149200,128.49999,128.9,128.15,128.2
1370152800,128.49999,128.98,127.81,128.00505
1370156400,128.00505,128.96496,128,128.89999
1370160000,128.89911,128.9,118.89853,119.289
1370163600,119.289,130.1,119,125.09
1370167200,125.08,125.5,122.2,124.599
1370170800,124.59899,124.68372,122.3,122.30001
1370174400,122.51212,123.95,119.8976,122.1
1370178000,122.10044,122.199,119.76,121.22424
1370181600,121.23099,123.23187,118.91319,118.95
1370185200,119,120.1,115,118
1370188800,118.5,118.6,115.6844,118.49999
1370192400,118.49998,121.5401,117.88032,121.54009
1370196000,121.45679,121.56278,120,120.43
1370199600,120.44001,121.5,118.84952,119.96889
1370203200,119.50001,120.5511,116.44002,119.99499
1370206800,119.42001,120,118.47362,119.9
1370210400,119.9,121.28,119.16604,121.28
1370214000,121.27998,122.5,119.50001,122.5
1370217600,122.49962,122.5,119.51002,121.56499
1370221200,121.01002,121.07598,117.25001,119.99998
1370224800,119.99998,120.73999,119.99998,120.6841
1370228400,120.684,121.09095,119,119.50001
1370232000,119.51,120.33001,118,119.10003
1370235600,119.101,120.24691,118.5,120
1370239200,119.21,120.75336,119.00001,119.16604
1370242800,119.46988,119.46988,115.78512,117.89006
1370246400,117.89006,119.4,115.111,118.05
1370250000,118.05001,119.456,118,118.50004
1370253600,118.5,118.85499,116,116.89999
1370257200,116.7,119.39,115.97,118.97999
1370260800,118.97996,119.39,116.70001,117.4981
1370264400,117.37124,119,116.5,118.88
1370268000,118.87999,119.50158,118.27,119
1370271600,119,120.03007,118.99501,120.03007
1370275200,120.03007,120.4999,119.49,119.998
1370278800,119.999,121,118.07759,120.038
1370282400,120,120.8,118.20001,119.98
1370286000,119.97,120,119.1,120
1370289600,120,120.79994,118.61,120.76
1370293200,120.75,122.78483,120.25001,122.1
1370296800,122.3134,122.4999,121.2,121.22505
1370300400,121.21508,122.69,120.0131,120.73716
1370304000,121.21357,122.4,120,122.00001
1370307600,122.00001,122.41011,121.03006,122.41011
1370311200,122.38,123.3017,122,123.22
1370314800,123.26067,123.798,121.46631,123.798
1370318400,123.798,123.99,122.05623,122.99997
1370322000,122.58003,123.7,119.3,121.59001
1370325600,121.59002,122.75,121,121.99999
1370329200,121.99999,123.9687,121.2154,123.17
1370332800,122.1,123.9299,121,122.43
1370336400,122.59996,123.75,122,123.21999
1370340000,122.47817,123.21993,122.05,122.79989
1370343600,122.051,122.84955,120.3,121.00992
1370347200,121,121.81997,119.12984,121.15144
1370350800,120.02526,121.14996,119.1,119.1
1370354400,120.09496,120.44,118.79794,120.001
1370358000,120.00101,120.5,119.29288,120.5
1370361600,120.5,121.89,119.7501,120.98999
1370365200,120.98999,121.85,120.6,121.2
1370368800,120.60001,120.95568,118.78525,120.9
1370372400,120.9,121.8,119,121.00001
1370376000,121.00002,121.59999,120.00101,121.00003
1370379600,121.4999,121.5689,120,121.5
1370383200,121.56889,121.78799,119.2295,119.9484
1370386800,119.9484,121.695,119.605,121.39997
1370390400,121.39997,121.5,120.23,121.30683
1370394000,121.30683,121.70795,119.5,121.65012
1370397600,121.65012,121.706,120.02,121.615
1370401200,121.6,121.62,120.54621,121.56733
1370404800,121.50001,121.82497,121.0056,121.10017
1370408400,121.10999,121.82,119.5,120.1211
1370412000,120.13001,121.55,120,120.81633
1370415600,120.00004,121.54,119.89778,121.00001
1370419200,121.49899,121.747,120.84481,121
1370422800,121.00001,121.748,121,121.17175
1370426400,121.17175,121.7,120.84481,121.59997
1370430000,121.6,121.68,120.0911,120.16121
1370433600,120.13,121.46,120.13,121.33583
1370437200,120.54014,121.4898,120.1,120.74
1370440800,120.73246,121.48,120.51215,121.23001
1370444400,121.45,122.5,120.81,121.9584
1370448000,121.155,123.20487,121.08503,123.20487
1370451600,123.20487,123.5,122.001,122.40001
1370455200,122.99999,123.48998,121.20001,123.2
1370458800,123.19999,123.42,122.10002,122.10003
1370462400,122.39999,123.24998,119.57,121.31999
1370466000,121.31998,122.04997,119.61,121.477
1370469600,121.4768,121.86681,119.64701,121.00001
1370473200,121.17228,121.90001,120.41201,121.90001
1370476800,121.9,121.99,120.51217,121.71401
1370480400,121.71401,122.12086,120.1,121.78899
1370484000,120.88,122.485,120.86004,121.3854
1370487600,122.44597,123.29999,121.34502,122.40002
1370491200,122.39999,122.5,121.33,122.5
1370494800,121.60001,122.77999,120.7607,121.11527
1370498400,121.54232,121.98449,120.78,121.8599
1370502000,121.7,122.49996,120.97264,122.44995
1370505600,121.4909,122.41312,121.1,121.99
1370509200,121.99,122,120.301,120.8
1370512800,120.8,121.49,120.3004,120.70686
1370516400,121.44499,121.99999,120.51,121.99988
1370520000,121.99858,121.99858,120.5,121.15999
1370523600,120.841,122,120.5,122
1370527200,122,122.34587,120.25,121.83021
1370530800,120.75121,121.85,120.31,121.82
1370534400,121.82,121.9,119.70001,121.39002
1370538000,121.39001,121.45,119.61469,120.59999
1370541600,120.59999,120.72,119.73,120.40999
1370545200,120.40499,120.49,118.55913,120
1370548800,120,120.48999,119.31001,120
1370552400,120,120,119.31,119.98765
1370556000,119.9,120.69999,119.43876,120.47
1370559600,119.81804,120.53,117,118.9699
1370563200,118.02768,119.13333,117.02,118.75001
1370566800,118.99998,119.13333,117.10215,117.99995
1370570400,117.89998,118.99998,117.101,118.00006
1370574000,118.00006,118.998,117,117.45171
1370577600,117.43582,118.87,117.02256,118
1370581200,117.52007,118,117.05,117.9
1370584800,117.89901,118.9498,117.06,118.84
1370588400,118.93998,118.95,118,118.69841
1370592000,118.46002,118.69844,117.6,117.93003
1370595600,117.57021,118.09999,115.13,116.78991
1370599200,116.78991,116.99998,112.50001,113.001
1370602800,113.11098,114.06423,109.42332,112.50999
1370606400,112.5,115.5,110.06322,112.68001
1370610000,112.68001,113.012,110.0011,111
1370613600,110.7,112.95905,110.1,112
1370617200,112,112.5,109.5513,110.5
1370620800,110.99998,111,106.15,107.25
1370624400,107.9,110.34,106.8903,110.00001
1370628000,110.00001,112.3,108.9,112.3
1370631600,112,113.48144,111,111.23601
1370635200,112.27677,112.86,109.51,112.455
1370638800,111.62501,112.63,111.34302,111.34302
1370642400,111.34302,111.6899,109.51,110.78
1370646000,110.55,112,110.113,111
1370649600,112.12,113.1862,110.01,111
1370653200,110.58212,111.18999,109.01001,109.46
1370656800,109.46,110,108.065,109.51
1370660400,109.5,109.97597,107.67,108.95492
1370664000,109.31424,110,108.015,109.12344
1370667600,109.57012,110.11,109.12341,109.49999
1370671200,109.99,110.9898,109.28477,110.79999
1370674800,110.78998,111,109.15658,109.59001
1370678400,109.8,110.8,109,109.015
1370682000,109.02001,110.5,109.02001,109.63425
1370685600,109.63425,109.845,108.82101,108.82101
1370689200,108.99999,108.99999,107.21,107.89
1370692800,107.89,108.98999,107,108.27002
1370696400,108.30001,109.88888,108.30001,109.47
1370700000,109.39499,109.5,108.36616,108.5501
1370703600,108.5601,109.26166,108.06,108.5
1370707200,108.5,109.49899,107.29,108.00098
1370710800,108.13698,110.5,108.00697,108.13111
1370714400,108.13111,109.95,107,109.39898
1370718000,109.4,109.45,108.9,109.30001
1370721600,109.30002,109.30002,108.415,109.15999
1370725200,109.07,109.49,109.07,109.49
1370728800,109.49,109.97,108.18,108.99464
1370732400,108.99464,109.63,107.89111,107.89242
1370736000,107.89611,108.99,107.89,108.40003
1370739600,108.78,108.97,107.5,107.5
1370743200,107.5,108.97,107.34,108.34499
1370746800,108.34498,108.6332,107.62011,107.95
1370750400,107.63,107.95,107.3123,107.675
1370754000,107.675,107.95,102.1,103.7
1370757600,103.7,104.88,96.5,99
1370761200,99,102.6,97.5,99.00601
1370764800,99.49988,99.95675,90.00001,94.57249
1370768400,94.52604,99.8,92.8311,97.51715
1370772000,97.83,97.83,88,91.89899
1370775600,91.76998,94.817,89,93.49999
1370779200,93.49999,93.99999,90.55611,92.62101
1370782800,92.62101,96.68,92.16,95.99
1370786400,95.98999,95.98999,92.33,93.92035
1370790000,93.51854,98.63177,93.2522,98.6
1370793600,97.9,99.75223,97.02,98.98
1370797200,98.98,99.00001,97.88181,98.62773
1370800800,98.62773,99.39999,96.34001,98.4
1370804400,98.3998,103.528,98.05155,99.7
1370808000,99.20192,101.91,98.31802,101.48899
1370811600,101.01001,102.72886,100.24,102.3
1370815200,102.305,104.99,98.70001,102.02
1370818800,102.02,103.09998,98.89256,100.43743
1370822400,101,101,99.35,99.69995
1370826000,99.61816,100.30691,98.93,98.93
1370829600,99.14021,100.12999,96.1275,98.51
1370833200,98.50897,110.63051,95,104.32737
1370836800,104,108.10799,104,105.9
1370840400,105.9,108,105,105
1370844000,107,110.57,104.85,108
1370847600,108,109.76999,107.0957,108
1370851200,108,109.2,105.5,106
1370854800,105.83925,108.50705,105.555,106.57013
1370858400,106.48999,107.348,105.2,105.4
1370862000,105.4,106.5078,105.01,105.01499
1370865600,105.01499,106.4143,104.5,104.66
1370869200,104.67371,105.46495,102.5,103.60001
1370872800,103.7609,103.97531,101,101.2
1370876400,101.2,104,101.12,102.8
1370880000,102.84643,107,102.27012,107
1370883600,107.00572,107.22,104.11,105.105
1370887200,105.105,105.25,104.1,104.60502
1370890800,104.61,105.5,104.4,105.1
1370894400,105.09998,106.3,105.05,106.299
1370898000,106.29799,106.98998,105.47057,106.14021
1370901600,106.16025,106.97999,105.815,106.783
1370905200,106.70001,106.8,105.7,106.35001
1370908800,106.10002,106.474,105.01,106.19361
1370912400,105.63661,106.6,105.01,105.98899
1370916000,105.90492,106.4999,105.10001,105.10001
1370919600,105.995,106.69,104.40501,105.43165
1370923200,105.43164,106.469,104.83045,105.3
1370926800,105.1,106.6,104.70372,105.54163
1370930400,105.13153,106.47099,104,105.96638
1370934000,106.39997,107.5,105,106.98999
1370937600,106.95,106.99,103.32,105.4161
1370941200,105.49999,105.96999,103.23021,105.42003
1370944800,105.79997,106.44998,105.2854,106.44996
1370948400,106.44899,106.781,105.28541,106.59899
1370952000,106.49999,106.8,105.988,106.69998
1370955600,106.125,107.4999,106.125,107
1370959200,107,107.74453,106.106,107.63004
1370962800,107.63002,108,106.67001,108
1370966400,108,109.6,107.5,108.99999
1370970000,108.99999,109.36799,108.20003,108.99
1370973600,108.85001,108.999,106.72,106.72
1370977200,106.81166,108.93,106.81163,108.10226
1370980800,108.92999,108.98,107.1,107.81
1370984400,107.79501,108.959,106.31,108.959
1370988000,108.95998,109.49,108.105,109.48989
1370991600,108.69016,109.4899,107.49001,109
1370995200,109,109.225,106,108.9
1370998800,108.89999,108.99999,107.01125,107.89998
1371002400,107.99999,108.96999,107.04,107.16
1371006000,107.99999,108.99,107.17,108.92798
1371009600,108.92596,108.98,107.85718,108.0101
1371013200,108.64999,109.2,107.95952,109.19988
1371016800,109.19987,109.19988,108,108.61124
1371020400,108.00002,109.39486,107.87,108.01989
1371024000,108,109.49999,107.60112,108.23
1371027600,108.24207,109.69897,107.61,109.59052
1371031200,109.49999,109.50001,108.31,109.05238
1371034800,109.05235,110.25,108.84001,110.00001
1371038400,110.00001,112.25,109.96263,110.0587
1371042000,110.0587,110.99998,109.3,110.23999
1371045600,110.24,111.38,109.81588,110.02
1371049200,110.02,110.89998,108.5,109.44097
1371052800,109.43596,110.65,108.44,109.7899
1371056400,109.50001,110,108.38153,109.00003
1371060000,109.59999,109.69995,107.089,108.6321
1371063600,108.6321,109.99888,107.82157,109.499
1371067200,109.49899,109.927,107.5,108.00987
1371070800,108.00987,109,107.72436,108.9313
1371074400,108.9673,109.2,108.01896,108.91191
1371078000,108.91186,109.48,108,108.77592
1371081600,109.14444,109.9,108,108.40001
1371085200,108.40001,109.8,107.98184,109.8
1371088800,109.79999,109.86,108.349,108.89406
1371092400,108.91911,110.3,108.0111,110.3
1371096000,109.4618,110.3,108.47093,109.5
1371099600,109.5,109.8,108.0111,109.5
1371103200,108.96772,109.6,107.98685,108.9999
1371106800,108.995,109.7599,107.98184,108.59999
1371110400,108.68738,109.84541,108.54757,108.83277
1371114000,108.83276,109.49499,108.01,109.245
1371117600,109.245,109.88,108.021,109.35
1371121200,109.34999,109.8698,108.68317,108.8998
1371124800,108.8998,109.52999,108.58,108.69001
1371128400,108.69001,109.47297,108.1411,108.67263
1371132000,108.67262,109.43998,108.2,108.5
1371135600,108.4,109.37498,108.31003,109.173
1371139200,108.50501,109.13925,108.2,108.72476
1371142800,108.72476,109,108.44997,108.96729
1371146400,108.93998,109.4,108.51,109.4
1371150000,109.39,109.4,108.2,108.969
1371153600,108.969,109,107.9,108.46
1371157200,108.3,108.49,102,102
1371160800,102,104.4,100.4,104
1371164400,103.9,104.13616,100.3,103.949
1371168000,103.94895,103.94895,102.1,102.76914
1371171600,102.76913,103.74,100.82,102.3
1371175200,102.47888,103.48999,101.15,103.168
1371178800,103.16799,104.7,99.3,99.3
1371182400,99.89,102.25,97.1,100.99495
1371186000,100.99495,102.98226,99,101.15009
1371189600,101.6,103.54219,101.22024,103.16
1371193200,103.16,103.71176,102.56095,103
1371196800,103,103.8,102.16,103.76896
1371200400,103.7765,103.84,102.51,103.26
1371204000,103.26,104,102.80608,103.2375
1371207600,103.23749,103.239,102.11119,103.239
1371211200,102.99001,103.49,101.23901,101.43712
1371214800,101.43712,101.43712,98.2,100
1371218400,100,103.19798,100,101.5
1371222000,101.47164,101.9,99,100.50999
1371225600,100.50006,102,99.01,102
1371229200,101.99,102,99,99.5
1371232800,99.5,101.7,99.46991,101.65
1371236400,101.65,101.69,100.15001,101.491
1371240000,101.16894,101.59998,99.55004,99.55232
1371243600,99.9,100.99,99.03,99.99
1371247200,99.99,100.969,99.98898,100.9
1371250800,100.9,101,98.5,100
1371254400,99.99999,100.69871,97.5,98.00001
1371258000,98.00003,99.39,97.5,99.11026
1371261600,99.36998,101,99.36,100.331
1371265200,100.331,101,99.016,99.48882
1371268800,99.01602,99.98976,99,99.6887
1371272400,99.68,99.6887,98.50101,99.52427
1371276000,99.52427,99.55888,98.51,99.35
1371279600,99.243,99.67,98.5101,98.67806
1371283200,98.67806,99.39,98.26,99.12339
1371286800,99.28,99.98999,98.50002,99.98999
1371290400,99.98999,102.69,99.35001,102.34
1371294000,102.34,103.7,101.51556,102.9589
1371297600,102.9589,103.5,102.5,103
1371301200,102.8,103,101.26,101.26
1371304800,101.7271,102.30001,101.26,101.50888
1371308400,101.50889,102.7101,101.27101,102.7101
1371312000,102.71012,102.78392,101.30303,101.3141
1371315600,101.995,102.48,101.27001,102
1371319200,101.27503,102,100.27001,100.27001
1371322800,100.55,101.754,99.78,100.2472
1371326400,99.8,100.25,99.78,100.25
1371330000,100.00011,101.4,100.0001,101
1371333600,101,101.92999,100,101.5
1371337200,100.0061,101.0849,98.58,99.8
1371340800,99.79,100.98998,99.01,99.99002
1371344400,100,100.89,99.80862,99.80862
1371348000,99.809,100.499,99.50001,100.2
1371351600,100.2,100.39,99.1301,100.39
1371355200,99.42405,100.4,99.193,100.24798
1371358800,100.24696,100.24696,98.95,99.5
1371362400,98.95,100.499,98.90017,100.499
1371366000,100.499,101,99.3791,100.98243
1371369600,100.949,101.2,99.566,101.199
1371373200,101.02592,101.2,100.50001,100.54516
1371376800,100.57532,101.7499,100.525,100.5301
1371380400,100.525,100.79998,99.396,100.78898
1371384000,100.78899,100.789,99.50001,100.51
1371387600,100.50999,100.51022,99.7,100.39988
1371391200,100.24999,100.24999,99.40009,100.09936
1371394800,99.7699,100.39797,99.40102,100.01975
1371398400,100.01975,100.1111,99.42892,99.84757
1371402000,99.84757,100.1111,99.211,100.11108
1371405600,99.51,100.09996,99.03,100.0998
1371409200,100.0998,100.37,99.3,99.99999
1371412800,99.60001,99.60001,99.21183,99.21183
1371416400,NaN,-Infinity,Infinity,NaN
1371420000,100,100.15,99.03148,99.30001
1371423600,99.30001,99.9,99.22,99.9
1371427200,99.9,100,99,99.03111
1371430800,99.03111,100.75,98.9,100.19
1371434400,100.19,100.5,99.8339,100.41404
1371438000,100.49999,100.69998,100.33,100.69
1371441600,100.69,100.95926,100.3,100.3
1371445200,100.70096,101.4,99.42,100.8311
1371448800,100.82907,101.39999,99.4806,101.00001
1371452400,101.39696,101.71098,100,101.21
1371456000,100.39341,101.43555,100.29138,101.3
1371459600,101.3,101.5,100.5,100.6
1371463200,100.6,101,100.51,100.60769
1371466800,100.74998,101.65,100.74998,101.5
1371470400,101.638,101.77999,101.3,101.32
1371474000,101.32,101.5,100.01101,100.46203
1371477600,101.4699,101.72,100.6,101.56398
1371481200,101.56398,102.4,100.721,102.3
1371484800,102.3,102.313,100.06123,100.99999
1371488400,100.99999,102,100,101.44229
1371492000,101.42999,101.43,100.49,101.42998
1371495600,100.53011,101.9,100.53001,101.02
1371499200,101.79999,101.98898,100.011,101.76
1371502800,101.76,102,101,101.50001
1371506400,101.5,102,100.15,101.82321
1371510000,101.82321,101.95,100.82088,101.95
1371513600,101.95,101.95,101.03311,101.85
1371517200,101.85,102.25,101.09006,101.57667
1371520800,101.99999,102.25,101.27638,101.99998
1371524400,101.99997,102,101.33033,101.69102
1371528000,101.98999,102.2499,101.33,101.33
1371531600,101.35089,104,101.33,103.31001
1371535200,103.89996,103.9,102.83,103.22001
1371538800,103.22001,104,102.63,103.2
1371542400,103.9045,104.89999,102.69,104.79
1371546000,104.7899,104.89998,103.5,104.89998
1371549600,104.15505,104.83999,103.11,104
1371553200,103.97198,107,103.61,107
1371556800,105.39,107.5,105.249,107.42
1371560400,107.42,113.3,106.55001,110.32463
1371564000,110.033,111.11,108.77,109.00001
1371567600,109.02501,109.47,108.50111,108.59196
1371571200,108.6,109.34,108.50111,108.55
1371574800,108.51,108.84,106.4,106.75
1371578400,107.45771,109,106,108.329
1371582000,107.28,108.74861,105,106.55999
1371585600,106.18001,106.559,104,105.43
1371589200,105.42,106,104.5,105.34289
1371592800,105.59998,107.49999,104.6,106.37321
1371596400,106.37321,107.54999,106.19001,107.34998
1371600000,107.05,107.4,104.6603,106.86691
1371603600,106.86,107.37,105.70101,106.39
1371607200,105.78904,107,105.52414,106.99
1371610800,106.39,107.2,106.3,107.188
1371614400,106.47001,107.13684,105.91001,106.49354
1371618000,106.49354,108.4,105.99001,107.69995
1371621600,107.115,109.80001,106.77245,109.4
1371625200,109.37452,109.4923,107.107,107.68331
1371628800,108.23492,109.47,107.30012,109.27745
1371632400,109.27403,110.5,108.60501,110
1371636000,109.69847,110.9863,109.16135,109.59
1371639600,109.55486,109.67,108,108.00001
1371643200,108.44998,109.23002,108,108.80851
1371646800,108.31204,109.23002,108.22,109.09499
1371650400,109.09498,109.09498,108.221,108.87
1371654000,108.87,108.9898,108,108
1371657600,108.08936,108.77171,106.5,106.66
1371661200,106.51012,108.25,106.51,107.84
1371664800,107.835,108.1,106.46088,107.32008
1371668400,107.32009,107.9,106.52,107.84
1371672000,107.84,108.19999,106.90001,107.17461
1371675600,106.90002,107.62347,106.61,107
1371679200,107,107.77,106.64648,106.95001
1371682800,106.95002,108.26797,106.95,108.251
1371686400,108.25,108.89,107.51,107.99998
1371690000,107.99997,108.78408,107.6,108.73999
1371693600,108.74,108.74,107.6,107.71001
1371697200,107.62501,108.99,107.60001,108.25539
1371700800,108.28789,108.96905,107.5,107.5
1371704400,107.56001,108.48768,107.55,108.47
1371708000,108.46999,108.7,108,108.69001
1371711600,108.69001,110,107.12222,108.53821
1371715200,107.91601,109.65998,107.91601,108.62999
1371718800,108.62999,111.11,108.62999,110.99
1371722400,110.77343,111.2671,109,110.11871
1371726000,110.10369,112.79,109.3,111.06003
1371729600,111.06003,112.7,109.61,110.835
1371733200,110.83499,111.949,109.62,110.42804
1371736800,110.42804,111.05134,109.109,110.20653
1371740400,110.405,114.00113,110.02,112.505
1371744000,113.09998,113.1,111.23761,111.32099
1371747600,111.28338,114.48,111.02006,112.68
1371751200,112.83633,113,111.8,112.9
1371754800,112.9,113,112.2111,113
1371758400,113,113,112.2,112.93998
1371762000,112.89,112.94611,109.4,109.51
1371765600,109.51,112.56789,109,112.45001
1371769200,112.45001,112.48989,109.79997,111.29
1371772800,111.09999,111.5,109.88802,110.21502
1371776400,111.00335,111.6225,110.00001,111.28
1371780000,110.43914,111.43897,109.14,111.18
1371783600,110.99999,115.005,110.21001,113.165
1371787200,113.34999,115,113.16,113.20502
1371790800,113.205,114,112.26,112.86986
1371794400,112.41,113.9,112.111,112.85598
1371798000,112.85599,114.08735,112,112.21001
1371801600,112.21001,113.0161,112,112.45999
1371805200,112.00001,112.3,109.44,110.55
1371808800,110.83999,112.25787,109.53001,110.19
1371812400,109.83001,110.19,109.3223,109.5011
1371816000,109.5011,109.998,108.13,108.25
1371819600,108.25001,109,107.61672,108.379
1371823200,108.379,109.99879,108.021,109.11501
1371826800,109.11501,109.915,107.56828,108.2
1371830400,108.49999,109.98,108.1,109.00102
1371834000,109.54618,111.43878,109.0912,111
1371837600,110.995,111,110.00002,110.04011
1371841200,110.59999,110.93899,109.5,109.98999
1371844800,109.50008,110.0731,109.27,109.27501
1371848400,109.275,110,109.27,110
1371852000,110,110.0731,107.56,109.87567
1371855600,109.56847,109.92795,108.5,109.5
1371859200,108.9,109.87,108.62001,109.50243
1371862800,109.024,109.95653,109.01001,109.69999
1371866400,109.69,109.69,108.73,109
1371870000,109,109,108.5,108.5
1371873600,108.50001,108.73499,107.92,108.05187
1371877200,108,109.7,107.92,108.41001
1371880800,108.4415,109.65554,107.91,109.49999
1371884400,109.4,109.59,108.49999,108.8
1371888000,108.8,109,108,108.4
1371891600,108.4,108.90001,108.1,108.11
1371895200,108.17983,109.67776,107.515,109.3
1371898800,109.18499,109.185,107.6,108.97999
1371902400,108.97999,108.98,107.5111,107.53001
1371906000,107.61553,108.99998,107.53,108.2425
1371909600,108.24251,109.00002,108.19702,108.5151
1371913200,108.5151,109.07,108.01,108.9
1371916800,108.5,109.1,108.01,109.088
1371920400,109.088,109.09,108.01,109
1371924000,109,109.45,107.86,108.00005
1371927600,108.71998,109.203,107.901,109
1371931200,109,109.19999,107.6,109.19891
1371934800,109.19891,109.203,108.69812,108.70002
1371938400,108.70002,109,107.94794,108.95
1371942000,108.12002,108.98899,108,108.2
1371945600,108.00003,109,107.5,108.54
1371949200,107.60306,108.3437,107.001,107.00101
1371952800,107.0022,107.899,106.76543,106.7665
1371956400,106.7665,107.81113,106.75,107.5
1371960000,107.67015,108.77899,107.16393,108.00001
1371963600,108.48599,108.487,106.661,107.99999
1371967200,107.49001,108.60001,107.49001,107.60021
1371970800,108,108.38999,107.35402,107.35402
1371974400,107.35401,108.79998,107.00001,108.01006
1371978000,108.01007,108.5,107.55,107.56
1371981600,107.56,108.6,107.56,107.60003
1371985200,107.8,108.79986,107.49345,107.50153
1371988800,107.82915,108.79988,107.0123,107.96999
1371992400,107.86002,108.48992,107.33333,107.54489
1371996000,108.429,108.429,107.22,107.28223
1371999600,107.2999,108.37,107.25006,108.37
1372003200,108.36,108.6357,106.451,106.77551
1372006800,107.3139,108.48809,106.234,107.42
1372010400,106.3812,107.8,106.19675,107.5
1372014000,107.5,107.5,106.66408,106.80012
1372017600,NaN,-Infinity,Infinity,NaN
1372021200,107.32999,107.9,106.6,106.75
1372024800,106.75,108.25,106.61,107.87899
1372028400,107.87899,108.334,106.79,107.90001
1372032000,107.60002,108.334,107.25,107.25
1372035600,107.24841,108,106.80001,106.80001
1372039200,106.83,107.99,106.79125,107.99
1372042800,107.99,107.99,106.20175,107
1372046400,107.1,108,106.25675,107.09
1372050000,107.089,107.68999,106.20175,106.30101
1372053600,106.30101,107.39999,104.1153,104.1153
1372057200,104.99999,106.49799,104,104
1372060800,104.00013,105.47398,103.1,104.42429
1372064400,103.29012,105.474,103.29012,105.319
1372068000,104.50001,105.31999,103.01,104.00002
1372071600,104.00001,104.65795,103,103.86132
1372075200,103.25001,104,101.61,102.98
1372078800,102.98,103.06253,101,101.94524
1372082400,101.9,104.09,101,104.09
1372086000,104.00001,104.87999,102.7,103.06101
1372089600,103.06203,103.99699,100.95544,100.98
1372093200,100.98,102.929,100.761,102.36824
1372096800,102.33744,102.9,100.81,102.51111
1372100400,102.51112,102.73718,100.80001,102.51115
1372104000,102.51115,102.93348,102,102.92
1372107600,102.91992,102.92,101.6,102.133
1372111200,102.133,102.89997,101.90561,102.82
1372114800,102.80001,103.04619,102.09,102.09
1372118400,102.97996,103.13,102.09002,102.87501
1372122000,102.8799,103.13,102.09,102.12001
1372125600,102.12001,105.8636,102.12,102.50003
1372129200,102.608,109.4,100,105
1372132800,104.9,109.98,101.02,104.65544
1372136400,104.65544,105,102.7,104.082
1372140000,104.082,106.262,103.61101,104.47334
1372143600,104.5104,106.99,104.5104,106.46995
1372147200,105.70685,106.7,104.7,105.00999
1372150800,104.70002,105.4499,104.59467,104.71528
1372154400,104.7,105.7274,104.556,105.58
1372158000,105.43103,105.6,104.461,104.91211
1372161600,104.46101,105.495,104.45,105.495
1372165200,105.43001,105.43001,104.4,104.98719
1372168800,105,105.5,104.5501,104.82152
1372172400,105.46735,105.49,104.011,104.86
1372176000,104.86852,105.1,103.5,104.5
1372179600,103.83422,104.5,103.61501,104.48996
1372183200,103.86665,103.97052,102.81531,103.0707
1372186800,103.06,103.53777,102.2,102.9081
1372190400,102.9081,103,101.5,102.3698
1372194000,102.406,102.50905,101.5,102.49999
1372197600,102.23001,104.88557,101.51,104.04973
1372201200,103.80002,104.60001,102.14971,103.32933
1372204800,103.84,104,102.14971,103.45567
1372208400,103.01,104.85651,101.8322,104.24899
1372212000,104.23498,105.42999,103.393,104.07124
1372215600,104.04002,105,103.84201,104.81
1372219200,104.81,105,103.84407,103.99
1372222800,103.98833,104.9999,103.75102,104.93851
1372226400,104.93847,105,103.72,104.01613
1372230000,104.04119,105.299,104.04119,105.285
1372233600,104.41023,105.4899,103.83842,104.5
1372237200,104.5,105.488,104.20001,104.5
1372240800,104.50102,105.31993,104.5,104.71637
1372244400,104.50002,104.50002,103.04801,103.65785
1372248000,103.94,103.9878,103.06,103.32
1372251600,103.321,104.04999,103.07,104.04
1372255200,104,104.5,103.71,103.765
1372258800,103.76501,104.47,103.32,104.47
1372262400,103.8173,104.5,103.69,104.49
1372266000,103.90001,104.5,103,103.61003
1372269600,103.99998,104.5,103.62101,104.00001
1372273200,104.00001,104.87,104.00001,104.30001
1372276800,104.83998,104.84,102.7,104.74
1372280400,104.74,104.8,103.855,104.05
1372284000,104.76856,104.79999,102.5,103
1372287600,103.41728,104,103.006,104
1372291200,103.99999,104,103.00001,103.59
1372294800,103.59,103.59,102.642,103.3
1372298400,103,103.38,102.64235,103.34
1372302000,102.90003,103.5,102.7503,103.41
1372305600,103.4,103.59,102.8,103.00002
1372309200,103.38999,103.59,102.816,102.89
1372312800,102.89,102.99,102.816,102.99
1372316400,102.81601,103.09,102.816,103
1372320000,103.08997,103.18,103,103.09001
1372323600,103.09001,103.19,102.816,102.98
1372327200,102.81601,102.98,102.50001,102.50001
1372330800,102.5001,102.99999,102.5,102.98
1372334400,102.98,102.99997,102.20001,102.994
1372338000,102.99479,103.123,102,102.899
1372341600,102.745,103,102.02,102.71919
1372345200,102.60001,103,102.02222,102.24366
1372348800,102.61865,102.965,102.005,102.69
1372352400,102.69,102.89,102.006,102.79001
1372356000,102.88999,102.89,102,102.88
1372359600,102.875,102.89,102.002,102.8
1372363200,102.70001,102.92,102.05,102.59
1372366800,102.59,102.59,102,102.50001
1372370400,102.50001,102.89,102,102.46956
1372374000,102.02112,102.65,100.055,101.73678
1372377600,101.60626,101.78799,100.01111,101.448
1372381200,101.40001,101.52,99.588,99.589
1372384800,99.6,100.62231,99.01,99.99991
1372388400,99.162,100.93691,99.16,100.86799
1372392000,100.85,100.99,99.02,99.02
1372395600,100.33799,100.3389,96.2,98.85998
1372399200,98.8,98.8,95.7,97.80799
1372402800,97.797,98.49649,96.47701,98.31948
1372406400,98.31699,98.31699,96.012,97.14
1372410000,97.14,97.749,96.013,97.19
1372413600,97.19,97.2,96.701,96.701
1372417200,96.99996,97.2,96.06,96.43
1372420800,96.43001,98.99,96.013,98.4
1372424400,98.4,98.98995,97.48,98.85724
1372428000,98.88095,98.98997,97.3,97.62998
1372431600,97.62997,98.88479,96.8101,97.988
1372435200,97.988,97.988,96.01,97.265
1372438800,97.27381,97.392,95.65,96.621
1372442400,96.65,97.88,94.85512,94.85512
1372446000,95.001,95.87779,92.25,94
1372449600,94,95.5,93.3,95.39865
1372453200,95.38971,95.39865,94,95.195
1372456800,94.80103,95.2,93.4,94
1372460400,94,94.7,93.41827,94.66
1372464000,94.7,94.8,93,93.898
1372467600,93.75,94.499,93.07111,94
1372471200,94,94.9999,93.2511,94.49999
1372474800,94.48999,98.96,94.222,96.61601
1372478400,97,98.39677,95.5,98.39677
1372482000,98.40613,100.4398,98.005,99.9
1372485600,98.84836,99.78999,96.73552,97.67016
1372489200,97.65512,98.076,97,97.99998
1372492800,97.60502,98.788,97.205,97.51825
1372496400,97.25999,97.8,96.598,96.96
1372500000,96.94139,97.04998,96.53672,96.612
1372503600,96.61999,99.15,96.61199,97.14337
1372507200,98.07899,98.19799,97.04471,97.07382
1372510800,97.01602,97.6,95.5,96.74569
1372514400,96.98598,97.197,96.31,96.97084
1372518000,96.97083,97.229,96.45001,97.05216
1372521600,97.11,97.179,95.66782,95.75002
1372525200,96.67799,96.847,95.66782,96.479
1372528800,96.479,96.5495,95.65183,96.53
1372532400,96.40882,96.53,95.4,95.60858
1372536000,95.60859,96.37,95.27411,95.999
1372539600,95.999,96.32798,95.27411,95.94
1372543200,95.59717,95.94,94.5,95.29384
1372546800,95.70086,95.75461,93.7,94.999
1372550400,94.999,95.0299,93.85,94.66667
1372554000,94.99999,95.669,94.5607,95.38863
1372557600,95.38866,95.75316,94.724,95.20001
1372561200,95.75394,95.88,95.01501,95.174
1372564800,95.8,95.88,95.01,95.5
1372568400,95.48,95.85,95.01,95.81093
1372572000,95.72206,96,95.106,95.99
1372575600,95.98999,96.165,95.12,95.99499
1372579200,95.27002,96.17,95.27002,95.70001
1372582800,96.16253,96.65397,95.70003,96.41002
1372586400,96.41003,96.858,95.55555,96.013
1372590000,96.00001,97,95.661,96.43745
1372593600,96.43745,97.00001,96.3,97.00001
1372597200,97.00001,98.02627,96.7,97.99698
1372600800,97.99698,98.12228,96.7,96.71
1372604400,96.99957,97.9,96.71001,96.89011
1372608000,96.89012,97.9999,96.73864,97.83
1372611600,97.829,97.83,95.46,96.5
1372615200,96.495,97.372,96.14164,97.3
1372618800,97.3,97.4,96.12013,97.299
1372622400,97.299,97.5,96.5,97.48898
1372626000,96.6999,97.499,96.518,97.18469
1372629600,97.18459,97.25,96.518,97.229
1372633200,96.54697,97.51,96.54697,97.51
1372636800,97.50888,97.50888,96.551,97.419
1372640400,97.419,97.50888,96.8,97.504
1372644000,97,97,95.97533,96.8
1372647600,96.958,98.1801,96.13905,96.949
1372651200,97.18397,97.793,96.782,96.91033
1372654800,97.07688,97.13174,96,96
1372658400,96.75077,97.294,96,96.998
1372662000,96.6,97.259,96.05,96.11399
1372665600,96.11401,97.5,96,96.35
1372669200,96.35,96.65,96,96.15901
1372672800,96.15901,96.15902,95.77208,95.77208
1372676400,95.79999,96.123,94.6,94.6
1372680000,94.60002,95.012,94.35,94.38001
1372683600,94.38501,94.9715,94.38501,94.79
1372687200,94.50005,94.79,94.00095,94.00157
1372690800,94.00157,94.00157,92.00003,92.32448
1372694400,92.32448,94.00157,91.5,94.00157
1372698000,94.00157,94.2999,89.21,89.79996
1372701600,89.79997,91.07071,89,89
1372705200,88.98,92.6,88.75001,91.6
1372708800,90.6149,91.147,88.8,89.70496
1372712400,89.70496,89.70496,88.1,88.25033
1372716000,88.33737,89.99,87.8,88.91542
1372719600,88.91542,88.989,86.011,88.05
1372723200,88.04,90.22,87.51,89.98787
1372726800,89.2161,90,88.32,89.489
1372730400,89.4899,90.47,89.161,89.6
1372734000,89.6,90.79,88.78245,90.00599
1372737600,90,90.65,89.67725,89.67725
1372741200,90,90,88.52,88.53325
1372744800,89.305,89.469,88.565,89.2
1372748400,89.18991,90,87.6,87.6
1372752000,88.67122,89.93999,87.70644,89.03992
1372755600,89.001,89.81,88.5,89.29416
1372759200,89.29416,91.44539,89.29416,91.3
1372762800,91.3,91.749,91,91.47
1372766400,91.27,92.57,90.655,92.3
1372770000,92.29501,92.3,88.47543,88.89999
1372773600,88.89999,90.77,88.60075,90.44
1372777200,90.42001,90.45,90.111,90.44074
1372780800,90.445,91.8,89.57532,89.88601
1372784400,90.48999,91.09699,87.59853,89.95
1372788000,89.79899,90,88.813,89.75
1372791600,89.55002,91.25,89.55,90.66999
1372795200,90.51516,90.51516,88.00001,89.55
1372798800,89.55,90.12568,89.19902,90
1372802400,89.78289,91,89.51,90.54502
1372806000,90.86203,91.19,89.85,90.40502
1372809600,90.04007,91.2,90,90.1
1372813200,90.1,90.9,89.952,90.79699
1372816800,90.79799,90.79799,89.3,90.099
1372820400,90.09899,90.29998,89.53,90.27287
1372824000,90.27288,90.797,88.88888,89.22676
1372827600,89.59999,90.0475,88.24796,89.848
1372831200,89.15019,90.69,88.5,89.993
1372834800,89.52102,90,89.1,89.14511
1372838400,89.77398,89.876,89.1,89.87099
1372842000,89.45001,89.86097,88.5,89.794
1372845600,89.77899,89.857,89.01002,89.78899
1372849200,89.47001,89.788,88.1,88.17001
1372852800,88.20001,89.108,86.57982,86.78
1372856400,86.78,87.4,84.24,84.26
1372860000,84.26,86.259,83.1,86.16591
1372863600,86.16591,86.26,84,84.30001
1372867200,84.30002,84.7,82.2,82.4353
1372870800,82.43529,83.35644,81.86753,82.547
1372874400,82.547,84.1,82.00001,84.09801
1372878000,84.099,84.9,83.40034,84.05728
1372881600,84.05728,84.05728,82.15009,82.95494
1372885200,82.23333,83,80.06,80.7
1372888800,81.1386,83.2,76,78.5
1372892400,77.80301,79.43,77.5,78.89
1372896000,78.20001,81.02615,78.20001,81.02615
1372899600,80.511,81.26,78,78.98199
1372903200,78.30201,79.95,77.91685,78.4
1372906800,78.87797,79,76.03,76.3
1372910400,76.77086,77.8,75.12,77.5
1372914000,77.49999,78.42401,75,75
1372917600,75,77.37294,72,76.12503
1372921200,76.11925,81.5,74.575,78.5
1372924800,78.5,79.4,77.301,78.5
1372928400,78.5,80,78,79.99
1372932000,79.99999,84.27001,79.5103,81.19038
1372935600,80.98578,82.2106,80.013,81.90001
1372939200,81.90001,82,77.97374,79.3
1372942800,79.3,79.86682,78.45,79.7
1372946400,79.2,80,79.02,79.09501
1372950000,79.1,79.75,78.779,78.804
1372953600,78.853,79.728,77.8999,78.74506
1372957200,79.3,79.999,78.78501,79.944
1372960800,79.89296,80.29899,79.3,80.245
1372964400,80.24499,80.99998,80.00499,80.99998
1372968000,80.99498,81.66289,80.001,81.59
1372971600,81.58998,81.6,80.03565,80.42415
1372975200,80.959,81.205,80.43418,80.7
1372978800,80.7,81.7,80.03565,80.03565
1372982400,80.04214,80.60299,78.75755,79.45001
1372986000,79.55001,80.21205,78.1,78.95997
1372989600,78.8099,79.4132,77.88888,77.90499
1372993200,77.9,78.994,77.5,78.993
1372996800,78.989,79.89999,78.39008,79.27
1373000400,79.10001,79.27,77.686,77.722
1373004000,77.722,78.06,77.41,77.45
1373007600,77.7,77.84999,73.37,74.61001
1373011200,74.79698,76.63987,73.388,74.709
1373014800,74.70899,75.34879,71.55,73.7
1373018400,73.36994,75.794,72.57006,75.21998
1373022000,75.21997,75.22,73.86215,74.48777
1373025600,74.48774,77.76191,73.78276,74.66501
1373029200,74.55776,75,71.6,72.78547
1373032800,72.96792,72.96792,70.25,71.28499
1373036400,71.263,73.99998,70.63503,72.50301
1373040000,72.59999,73.071,70.762,71.50001
1373043600,71.5,72.01393,66.29789,68.85
1373047200,68.85,69.99999,65.5,66.1
1373050800,66.19501,68.3204,65.42448,67.01003
1373054400,67.01504,71.77,67.01504,70.74
1373058000,70.63505,71.96998,67.1842,68.04983
